created_at,full_text,screen_name,location,description,followers_count,friends_count,statuses_count,verified,full_retweet_text
2020-03-01 00:01:54+00:00,Outbreak weighs on foreign firms in China as they strive to restart work - Global Times https://t.co/taJ5OCuK3X,thesanjaydutt,delhi india,General Gyan! No comment of mine is a buy or sell recommendation. Tweets are just general commentary. Trade/Invest after taking professional advise.,5835,717,5602,False,
2020-03-01 00:02:27+00:00,CDC erroneously identified first patient to die from coronavirus asÂ female https://t.co/iYsYKOJ57m,WaYs2rOcK,new delhi india,Raj Gaur,44,57,41651,False,
2020-03-01 00:02:46+00:00,@Kishoreciyer1 @followTheGupta Coz he wants India to beat china in population ğŸ˜„ğŸ˜„ğŸ˜„,Labaad_panti,vapi india,"True Lover Of LabaadpantiâœŒâœŒliitle bit musicoholic ğŸµğŸµ
A Proud Indian not a Bhakt .
instagram : @labaad_panti",182,355,6267,False,
2020-03-01 00:03:22+00:00,RT @airnewsalerts: #SaudiArabiaâ€™s Ministry of Tourism announces that it has temporarily stopped issuing tourist visas to people in certainâ€¦,Vivek52167439,india,ğŸ‡®ğŸ‡³,32,475,676,False,#SaudiArabiaâ€™s Ministry of Tourism announces that it has temporarily stopped issuing tourist visas to people in certain countries particularly badly hit by the #coronavirus outbreak.
2020-03-01 00:04:16+00:00,All 112 Wuhan evacuees test negative for coronavirus after firstÂ samples https://t.co/8YPa7Ngzmq https://t.co/gzIc3PFfl4,Pawan05258Kumar,goa india,"part time web designer, music lover",485,34,25253,False,
2020-03-01 00:04:38+00:00,Increasing concerns on origin of Coronavirus: lab created or animal origin @who https://t.co/qsXGJyOxSC,prasadam1062,hyderabad india,"Former Diplomat specialising in Middle East affairs, Cyber security, Indian Ocean and Maritime security.  President of Centre for Asia-Africa Policy Research.",33,89,131,False,
2020-03-01 00:05:07+00:00,"I'm  really confused... !!!

Meanwhile world is dealing with coronavirus..... India don't have any COVID19 case....All feared cases  turned out negative... 

But we are suffering  from H1N1... 
ğŸ¤”ğŸ¤” https://t.co/wGJfOzP1Uy",rutuuku,maharashtra india,"I like critisism, it makes you strongğŸ™‡ğŸ¤˜â™€",5,1017,2342,False,
2020-03-01 00:05:07+00:00,"RT @ArjunPai: And alternative read. Mind-boggling. 

NASA images show measurable decrease in airborne nitrogen dioxide over China  https://â€¦",Avnash1972,chennai india,"Disappointment guaranteed. And yes-  if you canâ€™t handle humor, do yourself a favor- walk away.",230,450,11411,False,"And alternative read. Mind-boggling. 

NASA images show measurable decrease in airborne nitrogen dioxide over China  https://t.co/7l2YiaBRoA"
2020-03-01 00:06:04+00:00,"@mjc5577 @MysterySolvent @VP Open border with China? ğŸ˜‚
There's whole Himalayan mountain range standing between, plus strict patrol of Army as two nations are hostile towards each other.",apoorvc2005,pune india,Engineer | IoT | Audiophile | Politics and Economics Trendwatcher | Practical Thinker | Speed Reader | RW,230,472,16076,False,
2020-03-01 00:06:12+00:00,"RT @spectatorindex: JUST IN: Fifth case of coronavirus in Sydney, in man who recently arrived from Iran.",iKrys74l,chandigarh india,Judge yourself..enjoy!,136,276,25943,False,"JUST IN: Fifth case of coronavirus in Sydney, in man who recently arrived from Iran."
2020-03-01 00:06:18+00:00,RT @spectatorindex: BREAKING: 35 new coronavirus deaths in China,iKrys74l,chandigarh india,Judge yourself..enjoy!,136,276,25943,False,BREAKING: 35 new coronavirus deaths in China
2020-03-01 00:06:43+00:00,RT @aliostad: Coronavirus epidemy in Iran has past the crisis level. The country is imploding - law and order to disappear in the next daysâ€¦,UrbanCowists,india,Engineer on paper|Banker by chance| Aspire to be Artist|Habitual Gym goer |Science amazes me|Strong opinions|Loosely held|Good books and movies|Life sahin hai|,116,269,7208,False,Coronavirus epidemy in Iran has past the crisis level. The country is imploding - law and order to disappear in the next days. A number of officials already died and mass infection among hospital staff and police forces reported.
2020-03-01 00:06:47+00:00,@anirudha136 Much of our exports of raw materials is to China too. A slow down in their industry and hence their off take will have a braking effect on our economy. A worldwide contraction in economy will also lead to loss of jobs for Indians abroad and reduce inflows in India.,anil_hebbar,thane india,"Entrepreneurship, Environment, Sustainability, Health & Healing, Contested LS Election 2019 to focus on Solid Waste Management.",1063,2009,2911,False,
2020-03-01 00:06:52+00:00,"RT @jaketapper: Most people who contract Coronavirus experience a flu like situation, Dr. Fauci says, and will be OK.

15-20% of those whoâ€¦",sonikkalogan27,chennai india,"news junkie by way of washington dc â€¢ ISO reporting or producing jobs in ğŸ‡®ğŸ‡³ â€¢ past: @CNN, @VOANews, @ndtv, @theeagleonline â€¢ @AU_SOC â€¢ retweets â‰  endorsements",265,1279,7092,False,"Most people who contract Coronavirus experience a flu like situation, Dr. Fauci says, and will be OK.

15-20% of those who contract will need hospitalization. 

The vast majority of people who ""get into trouble"" are of advanced age and/or had previous underlying conditions."
2020-03-01 00:07:26+00:00,silver linings? https://t.co/bKfZHbWGAU,truefederista,india,roger federer's well being affects my well being {she/her},910,737,45239,False,
2020-03-01 00:24:38+00:00,"On Stage, Telangana Ministers Eat Chicken To Dispel Coronavirus Fears https://t.co/UUelxGlEGo via @ndtv",Nathealings,delhi india,"# He has the most, who is content with the least - Buddha,   
# Healing with Smiles and Emotional Therapy.",7357,4064,172015,False,
2020-03-01 00:24:44+00:00,"RT @shukla_tarun: New :

- India suspends all kinds of visas issued to Iran so far.

- Visas to all foreign nationals who have travelled toâ€¦",paharipant,india,"None of my Tweets, Retweets, Likes are endorsements
""à¤¹à¤¿à¤¨à¥à¤¦à¥ à¤¤à¤¨ à¤®à¤¨ à¤¹à¤¿à¤¨à¥à¤¦à¥ à¤œà¥€à¤µà¤¨ à¤°à¤— à¤°à¤— à¤¹à¤¿à¤¨à¥à¤¦à¥ à¤®à¥‡à¤°à¤¾ à¤ªà¤°à¤¿à¤šà¤¯à¥¥""",80,1076,6803,False,"New :

- India suspends all kinds of visas issued to Iran so far.

- Visas to all foreign nationals who have travelled to or from Iran from 1st Feb have also been canceled.

- No one allowed to enter India by flight or seaports.

#coronavirus."
2020-03-01 00:25:19+00:00,Morning in China... https://t.co/jVLtmC7jVe,anandkjha27,mumbai india,Mariner Of Sea....,84,83,502,False,
2020-03-01 00:25:39+00:00,"RT @AgentSaffron: It's been a horrible 2 months for Iran.

Top General Eliminated.

Protests

Earthquakes

Tanked economy

Now Coronavirus.â€¦",malapati,india,"Passionate Supporter of Integral Humanism

Have been blocking Chinese/Jihadi products from 2015 at least.  You?",337,651,154590,False,"It's been a horrible 2 months for Iran.

Top General Eliminated.

Protests

Earthquakes

Tanked economy

Now Coronavirus.. 

Iran is crucial to many of India's strategic plans in the region."
2020-03-01 00:26:25+00:00,"Coronavirus: Decreased in China, increased infected in other countries, 2934 deathsÂ worldwide https://t.co/w9lV56vsga https://t.co/OJ3rjjL2R1",NewsBaba4,anand india,Latest Indian news and Breaking news,40,2,28617,False,
2020-03-01 00:26:33+00:00,How to prepare for a coronavirus pandemic https://t.co/0WtPnZRTQx https://t.co/meC4kSuWxG,KabirKh05653012,mumbai india,"Manager - Corporate and Investment Banking by profession. 
Dog Lover, Swimming, Fitness - Gym",6,33,1362,False,
2020-03-01 00:28:17+00:00,"Symptoms, transmission, pandemic: everything you need to know about https://t.co/POIMLYl7ik",EasternHerald,india,India's first international news journal. Bringing news from around the world. Protecting democracy and promoting free speech.,175,9,6769,False,
2020-03-01 00:28:39+00:00,F.D.A. Expands Coronavirus Testing in the UnitedÂ States https://t.co/3ckMq2q74K,somsirsa,chandigarh india,"Technophile, AI Faculty, Mental Health Advocate, @JUFET alum, 

Appointments at ğŸ‘‰
https://t.co/BzXQ3mIfBS",785,1695,391578,False,
2020-03-01 00:28:43+00:00,"@KTRTRS 
Sir, With the #Coronavirus assuming gigantic scale, this Colony with unregulated hospitals/patients from abroad could be a trouble spot. As usual the Bureaucracy is sleeping. Please push them into some Pro-active Action? https://t.co/v94VzC55Yi",FreyaTempleton,goa india,"Passionate and Compassionate. About everything. Health for everyone. Quality of life, Abstract art, and Bikes, Chess. That's my lifeğŸ™‰",5,109,638,False,
2020-03-01 00:29:06+00:00,Losers https://t.co/nO7aH5Z1Te,nayagam_p,india,RTs are not Endorsements | à¤¸à¤¤à¥à¤¯à¤®à¥‡à¤µ à¤œà¤¯à¤¤à¥‡ | ğŸ’™,198,987,26357,False,
2020-03-01 00:29:28+00:00,"RT @airnewsalerts: Indian envoy to #Iran Gaddam Dharmendra says, authorities are working to facilitate the return of #Indians who wish to gâ€¦",ku_lko,lucknow india,(KRISHNENDRA UDYOG) à¤•à¥ƒà¤·à¥à¤£à¥‡à¤¨à¥à¤¦à¥à¤° à¤‰à¤¦à¥à¤¯à¥‹à¤—,154,278,17926,False,"Indian envoy to #Iran Gaddam Dharmendra says, authorities are working to facilitate the return of #Indians who wish to go back home in the wake of the #coronavirus outbreak. https://t.co/6IQbPDNeRP"
2020-03-01 00:29:30+00:00,RT @spectatorindex: BREAKING: Governor of Washington State declares state of emergency over coronavirus,dtytrivedi,india,I love to discuss about the present Politics of India. Views expressed are personal. Retweets are not endorsements,531,4106,87714,False,BREAKING: Governor of Washington State declares state of emergency over coronavirus
2020-03-01 00:30:00+00:00,"Report: Japan sporting events at empty stadiums amid virus outbreak.

https://t.co/uhWH6bbh8x",TimesNow,india,"TIMES NOW is Indiaâ€™s most watched English news channel. Follow for lightning fast #BreakingNews and #Alerts.

We're on Telegram: https://t.co/T7TNOI7cXV",9637674,393,541447,True,
2020-03-01 00:30:03+00:00,LG Display halts work at phone screen factory after coronavirus infection https://t.co/ZZnduUv7h0 https://t.co/zocE0e20iG,Ashish__Bhalla,noida india,"Recruitment Lead for USA & India Staffing for Software, Business & Infrastructure division for  HCL Technologies Ltd (@hcltech) #HumanResources  #Technology",296,1644,24045,False,
2020-03-01 00:30:20+00:00,RT @BBCNews: Coronavirus: Nasa images show China pollution clear amid slowdown https://t.co/QguTq0uUAx,rishabhh17,new delhi india,PorquÃ© este mundo no lo entiendo,8,62,256,False,Coronavirus: Nasa images show China pollution clear amid slowdown https://t.co/QguTq0uUAx
2020-03-01 00:48:47+00:00,RT @sakshijoshii: Is anyone serious about this! #CoronaVirus,TheUjjwal_Gupta,new delhi india,"Indian ğŸ‡®ğŸ‡³

Bihari , Student",486,536,18260,False,Is anyone serious about this! #CoronaVirus https://t.co/o9qCAnLzfY
2020-03-01 00:49:04+00:00,"RT @ani_digital: US announces additional travel restrictions affecting Iran, Italy, South Korea to contain coronavirus

Read @ANI story | hâ€¦",ku_lko,lucknow india,(KRISHNENDRA UDYOG) à¤•à¥ƒà¤·à¥à¤£à¥‡à¤¨à¥à¤¦à¥à¤° à¤‰à¤¦à¥à¤¯à¥‹à¤—,154,278,17926,False,"US announces additional travel restrictions affecting Iran, Italy, South Korea to contain coronavirus

Read @ANI story | https://t.co/BHO7giW3oA https://t.co/kMX3LRfv25"
2020-03-01 00:49:25+00:00,112 Wuhan evacuees housed in the ITBP quarantine facility test negative forÂ coronavirus https://t.co/yb8CK5szoO https://t.co/8FKsTGE3aq,WaYs2rOcK,new delhi india,Raj Gaur,44,57,41654,False,
2020-03-01 00:49:28+00:00,"RT @CNNnews18: #CoronavirusOutbreak | Having previously recommended that people avoid shaking hands, the minister said they should also cutâ€¦",Muthukumar2802,coimbatore india,civil engineer,851,1514,99455,False,"#CoronavirusOutbreak | Having previously recommended that people avoid shaking hands, the minister said they should also cut back on la bise, the custom in France and elsewhere in Europe of giving greetings with kisses, or air kisses, on the cheeks.

https://t.co/Az6Wxoerk9"
2020-03-01 00:49:48+00:00,RT @atrupar: Fox News just interviewed a Pennsylvania man who went through the coronavirus quarantine process -- but he couldn't stop coughâ€¦,ashwin2174,tamil nadu india,,5,85,2477,False,Fox News just interviewed a Pennsylvania man who went through the coronavirus quarantine process -- but he couldn't stop coughing during the interview ğŸ˜³ https://t.co/kzoIYQM8x6
2020-03-01 00:50:03+00:00,RT @spectatorindex: BREAKING: First case of coronavirus in Ireland,TheBrownFox_IN,india,"I'm here to serve.
Jai Hind ğŸ‡®ğŸ‡³",171,393,2080,False,BREAKING: First case of coronavirus in Ireland
2020-03-01 00:50:11+00:00,"@BernieSanders The Cuban revolution, the Soviet Union and Hugo Chavez have killed more people than Coronavirus",ernex1984,mahindra world city india,,1496,1426,862,False,
2020-03-01 00:50:12+00:00,RT @BNODesk: BREAKING: Washington state reports first U.S. death from coronavirus  https://t.co/eUoE2b20hL,sachanuj,new delhi india,"Nammo Buddhay ğŸ™‚
à¤•à¤°à¥à¤® à¤•à¥‡ à¤«à¤² à¤¸à¥‡ à¤•à¥‹à¤ˆ à¤¨à¤¹à¥€à¤‚ à¤¬à¤š à¤¸à¤•à¤¤à¤¾ à¤¹à¥ˆà¥¤",375,678,38103,False,BREAKING: Washington state reports first U.S. death from coronavirus  https://t.co/eUoE2b20hL
2020-03-01 00:50:36+00:00,RT @realDonaldTrump: I will be having a 1:30 P.M. Press Conference at the White House to discuss the latest CoronaVirus developments. Thankâ€¦,SwarajGarvit,rohtak india,"We never know our limit, if we quit overselves. Want it How I Want It!!",436,1935,15249,False,I will be having a 1:30 P.M. Press Conference at the White House to discuss the latest CoronaVirus developments. Thank you!
2020-03-01 00:50:43+00:00,"RT @AgentSaffron: It's been a horrible 2 months for Iran.

Top General Eliminated.

Protests

Earthquakes

Tanked economy

Now Coronavirus.â€¦",BhagwaErwin,india,"Let the foundations of all works be Truth, Goodness and Beauty.

ğŸª”Jai Siya RamğŸª”",366,151,7630,False,"It's been a horrible 2 months for Iran.

Top General Eliminated.

Protests

Earthquakes

Tanked economy

Now Coronavirus.. 

Iran is crucial to many of India's strategic plans in the region."
2020-03-01 00:51:01+00:00,"RT @GOPChairwoman: â€œSince the early stages of the foreign outbreak, my administration has taken the most aggressive action in modern historâ€¦",shahnirav60,maharashtra india,à¤¯à¤¦à¤¾ à¤¯à¤¦à¤¾ à¤¹à¤¿ à¤§à¤°à¥à¤®à¤¸à¥à¤¯ à¤—à¥à¤²à¤¾à¤¨à¤¿à¤°à¥à¤­à¤µ- à¤¤à¤¿ à¤­à¤¾à¤°à¤¤ à¥¤ à¤…à¤­à¥à¤¯à¥à¤¤à¥à¤¥à¤¾à¤¨- à¤®à¤§à¤°à¥à¤®à¤¸à¥à¤¯ à¤¤à¤¦à¤¾à¤¤à¥à¤®à¤¾à¤¨à¤‚ à¤¸à¥ƒà¤œà¤¾à¤®à¥à¤¯à¤¹à¤®à¥-à¥¥,156,329,19546,False,"â€œSince the early stages of the foreign outbreak, my administration has taken the most aggressive action in modern history to confront the spread of [coronavirus].â€

@realDonaldTrump imposed travel restrictions a month ago, and everyone now agrees it was the right thing to do. https://t.co/MheWinU1yX"
2020-03-01 00:51:12+00:00,"RT @UnSubtleDesi: Donâ€™t need sermons from someone who â€œmakes a case for Pakistanâ€. Please go back to Londonistan and submit to Sharia, whicâ€¦",naradeshpande,bengaluru india,"Cricketers and Commentators Sports News, TV and Scores Breaking News Government and Politics Politicians and Pol Parties",153,217,21369,False,"Donâ€™t need sermons from someone who â€œmakes a case for Pakistanâ€. Please go back to Londonistan and submit to Sharia, which you might have gotten used to shunting between Londonistan and Pakistan. 

(All info per his own bio. He sports his stupidity rather proudly) https://t.co/r7PD5aTHKk"
2020-03-01 00:51:16+00:00,RT @allkpop: [User Content] TWICE's Tzuyu Unfairly Criticized by Chinese Netizens after Donating to Korea &amp; China to Help in Coronavirus Ouâ€¦,notuwicunolifeu,chennai india,normal girl.proud once. twice are my life. Sana is the loml. Mina always wrecks my heart. ot9 forever,421,97,93537,False,"[User Content] TWICE's Tzuyu Unfairly Criticized by Chinese Netizens after Donating to Korea &amp; China to Help in Coronavirus Outbreak
https://t.co/uqIEHGeKkf"
2020-03-01 00:51:46+00:00,"RT @UnSubtleDesi: Donâ€™t need sermons from someone who â€œmakes a case for Pakistanâ€. Please go back to Londonistan and submit to Sharia, whicâ€¦",packvirtual,goa india,Always RIGHT!,17,216,933,False,"Donâ€™t need sermons from someone who â€œmakes a case for Pakistanâ€. Please go back to Londonistan and submit to Sharia, which you might have gotten used to shunting between Londonistan and Pakistan. 

(All info per his own bio. He sports his stupidity rather proudly) https://t.co/r7PD5aTHKk"
2020-03-01 00:52:10+00:00,"â€˜Taken most aggressive actions to confront #coronavirusâ€™: USâ€‰President @realDonaldTrump  

https://t.co/lBFCl7Kus4 https://t.co/GeMpCbo6TO",htTweets,india,One of India's largest media companies. Latest news from around the world. Retweets are not endorsements,7575465,126,739723,True,
2020-03-01 00:52:25+00:00,RT @CTV_AvisFavaro: Two cases of coronavirus found in Washington nursing home. This is a concerning development as the elderly are a high râ€¦,Amrita_Dutt,india,"Global Citizen
Humanist
I am What I am",2877,2814,350101,False,Two cases of coronavirus found in Washington nursing home. This is a concerning development as the elderly are a high risk group #covid19 https://t.co/P02pwaLIdQ
2020-03-01 00:52:58+00:00,"RT @ColorfulMorocco: ğŸ‘‡ #Like â¤ #Retweet â™» #Follow &amp; #IFollowBack #ifb ğŸ™Œ
â­#colorfulmorocco #colorsofmorocco #morocco #maroc #ummahneedskhilaâ€¦",ManuMfc11,kasaragod india,"When  you  strike  at  a  KING,
 you  must  KilL  him ğŸ˜ˆ

Die Hard Fan Of #Lalettan â¤",290,373,9221,False,"ğŸ‘‡ #Like â¤ #Retweet â™» #Follow &amp; #IFollowBack #ifb ğŸ™Œ
â­#colorfulmorocco #colorsofmorocco #morocco #maroc #ummahneedskhilafah #bbb20 #alwayswithyoushehnaaz #coronavirus #monthofmarakkarsupremacy #btsarmy 
Check out #IG â¡https://t.co/cug4ASSMY8 https://t.co/USvDxBU42I"
2020-03-01 00:53:23+00:00,"RT @DanRather: Pres. Trump calls coronavirus Dems ""new hoax"" at a cheering rally. I wonder how they'd view the ""hoax"" if they found out somâ€¦",petefds,goa india,,46,238,6295,False,"Pres. Trump calls coronavirus Dems ""new hoax"" at a cheering rally. I wonder how they'd view the ""hoax"" if they found out somebody in the crowd was sick with the deadly disease. I say this with sadness. We need our government to lead, or at least get out of the way of the truth."
2020-03-01 00:53:31+00:00,Somebody check their horoscope man. https://t.co/AYum2dPri4,CaptainMeowMori,kolkata india,cannibal eats trads for dinner,787,3259,63165,False,
2020-03-01 00:53:32+00:00,RT @TulsiGabbard: .@realDonaldTrump I believe you like to get rid of red tape. Itâ€™s time to break through bureaucracy of agencies like CDCâ€¦,RahulKu05168804,new delhi india,only Hindutva is way of my Life ğŸš©,832,1016,52476,False,".@realDonaldTrump I believe you like to get rid of red tape. Itâ€™s time to break through bureaucracy of agencies like CDC &amp; FDA so anyone w/ symptoms can get tested for Coronavirus. These tests must immediately be made available at Dr.â€™s offices, hospitals, airports, schools, etc. https://t.co/fz6y73AE3B"
2020-03-01 00:53:48+00:00,RT @PTI_News: Indian envoy to Iran Gaddam Dharmendra says authorities are working to facilitate return of Indians who wish to go back homeâ€¦,ketan_langaliya,gujarat india,"Bhartaiya (India First) / Rashtravdi / Hindu / 

supporter of #Modiji, #BJP, New India, Digital  India, Transforming India.",1000,301,144543,False,Indian envoy to Iran Gaddam Dharmendra says authorities are working to facilitate return of Indians who wish to go back home in the wake of coronavirus outbreak
2020-03-01 00:53:49+00:00,RT @PaulOak69938612: @DVATW Same with the BS in the Western media about the Uyghurs in China. The Chinese are protecting themselves againstâ€¦,ajaypshetty,bengaluru india,HAR HAR MAHADEV ğŸ”± JAI BHAVANI ğŸš© JAI SHRI RAM,2643,4004,168006,False,@DVATW Same with the BS in the Western media about the Uyghurs in China. The Chinese are protecting themselves against terrorism and separatism financed by the Arab regimes and the Turks. The Hindus in India and the Han in China are just doing what we should be doing in the West.
2020-03-01 00:53:50+00:00,@KraksTV Corona itâ€™s you they are talking to,kooljay007,chandigarh india,"FcBarcelona,Portrait Artist,TechGuy, Iâ€™m 100% CharismaticğŸ•Š",296,649,965,False,
2020-03-01 00:59:38+00:00,"RT @CDCgov: Reports of community spread of #COVID19 in California, Oregon &amp; Washington raise concern about the immediate threat for COVID-1â€¦",SureshBza,india,I do not recommend any thing to any one. This was what i saw or what i feel. #NSE,404,948,6956,False,"Reports of community spread of #COVID19 in California, Oregon &amp; Washington raise concern about the immediate threat for COVID-19 for certain communities in the US. However, most people in the U.S. have little immediate risk of exposure to the virus. https://t.co/gYHI0wblwj"
2020-03-01 00:59:30+00:00,RT @aliostad: Coronavirus epidemy in Iran has past the crisis level. The country is imploding - law and order to disappear in the next daysâ€¦,samarsingla,chandigarh india,runs @jugnoose @jungleworks1,3240,829,2040,False,Coronavirus epidemy in Iran has past the crisis level. The country is imploding - law and order to disappear in the next days. A number of officials already died and mass infection among hospital staff and police forces reported.
2020-03-01 00:59:14+00:00,Update on COVID-19 | Evacuation of 124 persons from Japan and 112 persons from Wuhan - https://t.co/Q5d5jLCrzU https://t.co/p3zBFtxsJc,INDBureaucracy,gurgaon india,"https://t.co/ZqEmsbJbxf Top Updated News Portal for Indian Bureaucracy, Government News, PSUs, Railways, Banking & Defence. followed by 76K on FB, 25K on LinkedIn",9158,1787,52218,False,
2020-03-01 00:58:16+00:00,India starts hunt for alternatives to China to source over 1k items https://t.co/bZuRJiBVAf via @timesofindia,Nathealings,delhi india,"# He has the most, who is content with the least - Buddha,   
# Healing with Smiles and Emotional Therapy.",7357,4064,172015,False,
2020-03-01 00:58:03+00:00,"RT @PDChina: #LATEST on #COVID19 outbreak in China, as of Feb 29: 

- 79,824 confirmed cases in Chinese mainland 
- 2,870 deaths 
- 41,625â€¦",AbhayVarn,bihar new delhi india,"Certified Research Analyst & Investment Adviser -SEBI, Telegram - https://t.co/LxKzbpcUIT",179,319,8971,False,"#LATEST on #COVID19 outbreak in China, as of Feb 29: 

- 79,824 confirmed cases in Chinese mainland 
- 2,870 deaths 
- 41,625 discharged from hospital https://t.co/X07LARlCAG"
2020-03-01 00:58:01+00:00,Coronavirus | WHO Upgrades Global Virus Spread Risk to â€˜Very Highâ€™: Coronavirus | WHOâ€¦ https://t.co/Edhq9w1MAB,manatelugumovie,india,One Stop for Film and Political News entertainment,4406,39,215634,False,
2020-03-01 00:57:54+00:00,COVID-19: WHO recommends 10 basic preventive measures https://t.co/ZCMUb7wIOY via @http://www.twitter.com/sarkaritel,Mumbaikhabar9,mumbai maharashtra india,"LATEST BREAKING NEWS, as it happens. #social #political #economic #educational #cultural events #bollywood #crime #local train #markets in #Mumbai #Maharashtra",13618,486,33619,False,
2020-03-01 00:57:46+00:00,"RT @nytopinion: In 1918, people were collapsing and dying everywhere from a Spanish flu pandemic, @NickKristof writes. At least 50 millionâ€¦",anshsharma,india,Love | Passion | Life | Sarcastic | Scorpio | Music | Coffee | Not Highly Educated. | Autodidact | Gamer | co-creator | it's always better when we are together.,796,684,148541,False,"In 1918, people were collapsing and dying everywhere from a Spanish flu pandemic, @NickKristof writes. At least 50 million people died worldwide and public experts have called for preparations for another â€œbig one.â€ Could the coronavirus be it? https://t.co/FCsx22Anie"
2020-03-01 00:57:35+00:00,RT @TravelGov: Updated #Italy Travel Advisory - Level 3 - Reconsider travel to Italy due to a recent outbreak of COVID-19. Do not travel toâ€¦,_romilkapoor_,pune india,#InvestmentBanking Â° #PersonalFinance Â° #PrivateWealthManagement Â° #RiskManagement Â° #AIF Â° #MutualFunds Â° Indian Â° Founder #VMAXIMO,561,2414,20706,False,Updated #Italy Travel Advisory - Level 3 - Reconsider travel to Italy due to a recent outbreak of COVID-19. Do not travel to Lombardy and Veneto due to the level of community transmission of the virus and imposition of local quarantine procedures. https://t.co/up5UL3qiiA https://t.co/3MniYG5JUr
2020-03-01 00:57:22+00:00,"RT @thefader: .@BTS_twt fans donate concert refunds to coronavirus aid efforts.

https://t.co/JgTm8iuQ2F https://t.co/HC2ilWRZKT",Neelimanaag_BTS,india,"Although youth can be beautiful, it can be short and wander off ;like a shadow, it has a reckless danger to it -Kim Namjoon ( @BTS_twt )

Proud #BTS ARMY ğŸ’œğŸ’œ",164,296,30119,False,".@BTS_twt fans donate concert refunds to coronavirus aid efforts.

https://t.co/JgTm8iuQ2F https://t.co/HC2ilWRZKT"
2020-03-01 00:57:08+00:00,RT @aliostad: Coronavirus epidemy in Iran has past the crisis level. The country is imploding - law and order to disappear in the next daysâ€¦,sachanuj,new delhi india,"Nammo Buddhay ğŸ™‚
à¤•à¤°à¥à¤® à¤•à¥‡ à¤«à¤² à¤¸à¥‡ à¤•à¥‹à¤ˆ à¤¨à¤¹à¥€à¤‚ à¤¬à¤š à¤¸à¤•à¤¤à¤¾ à¤¹à¥ˆà¥¤",375,678,38103,False,Coronavirus epidemy in Iran has past the crisis level. The country is imploding - law and order to disappear in the next days. A number of officials already died and mass infection among hospital staff and police forces reported.
2020-03-01 00:56:40+00:00,"RT @spinesurgeon: #CoronaVirus affects

#Airlines and allied Businesses
#Hotels and allied Businesses
#Tourism and allied Businesses, especâ€¦",manopreeya,chennai india,Simple soul! Simple life ğŸ’Ÿ Outrageous @ times looking at the pity state ğŸ™ƒğŸ™ƒof politics in my country India ğŸ˜ˆ Awaiting a game changeğŸ™‡â€â™€ï¸,111,696,1412,False,"#CoronaVirus affects

#Airlines and allied Businesses
#Hotels and allied Businesses
#Tourism and allied Businesses, especially informal sectors
&amp;
#Lungs"
2020-03-01 00:56:40+00:00,"RT @allkpop: JYP Entertainment donates over $416K for coronavirus relief efforts
https://t.co/FeDEExkCSt https://t.co/ajvujYHzE5",notuwicunolifeu,chennai india,normal girl.proud once. twice are my life. Sana is the loml. Mina always wrecks my heart. ot9 forever,421,97,93537,False,"JYP Entertainment donates over $416K for coronavirus relief efforts
https://t.co/FeDEExkCSt https://t.co/ajvujYHzE5"
2020-03-01 00:56:40+00:00,"RT @TheZaiduLeaks: China announced they will send us 100,000 ducks to fight locust swarm.

Meanwhile How to cook duck Biryani is now trendiâ€¦",neeran,pune india,"Technologist, Cricket fanatic, Book lover, News junkie, and co-founder of CricInfo way back when...",1379,59,16037,False,"China announced they will send us 100,000 ducks to fight locust swarm.

Meanwhile How to cook duck Biryani is now trending on Pakistan YouTube."
2020-03-01 00:56:08+00:00,RT @prasannavishy: A study by 4 Chinese economist with hard to fake data points establish that China has been overstating its true GDP by nâ€¦,sachanuj,new delhi india,"Nammo Buddhay ğŸ™‚
à¤•à¤°à¥à¤® à¤•à¥‡ à¤«à¤² à¤¸à¥‡ à¤•à¥‹à¤ˆ à¤¨à¤¹à¥€à¤‚ à¤¬à¤š à¤¸à¤•à¤¤à¤¾ à¤¹à¥ˆà¥¤",375,678,38089,False,"A study by 4 Chinese economist with hard to fake data points establish that China has been overstating its true GDP by nearly 20%.
China has been over-reporting its growth rate by an average of 1.7 percentage points every year.https://t.co/KJGIvG6hV1"
2020-03-01 00:55:48+00:00,First US Death From Coronavirus Confirmed In Washington State: Official - https://t.co/VRQAxsyKpn,TrendingAtoZ,hyderabad india,India's best online News magazine which is providing News minute to minute.,171,582,249573,False,
2020-03-01 00:55:42+00:00,"RT @TimesNow: Report: Japan sporting events at empty stadiums amid virus outbreak.

https://t.co/uhWH6bbh8x",theJatinGupta01,meerut india,"Follower of Sri Sri 
@srisri
@Theashwaniarora, @Thesiddharthkar, @Gaurav4aol 
True hospitality consists of giving the best of yourself to our guest
(8267995814)",65,201,3256,False,"Report: Japan sporting events at empty stadiums amid virus outbreak.

https://t.co/uhWH6bbh8x"
2020-03-01 00:55:39+00:00,"RT @htTweets: â€˜Taken most aggressive actions to confront #coronavirusâ€™: USâ€‰President @realDonaldTrump  

https://t.co/lBFCl7Kus4 https://t.â€¦",praveen_ud,mumbai india,ï¼¦ï½ï½’ ï½ ï½‚ï½…ï½”ï½”ï½…ï½’ ï½“ï½ï½ƒï½‰ï½…ï½”ï½™,309,561,15133,False,"â€˜Taken most aggressive actions to confront #coronavirusâ€™: USâ€‰President @realDonaldTrump  

https://t.co/lBFCl7Kus4 https://t.co/GeMpCbo6TO"
2020-03-01 00:55:18+00:00,"RT @KarenFlemingPhD: PSA for non-science folks: Wonder why everyone is emphasizing hand washing? Sounds banal, but soap really IS an amazinâ€¦",pii_ke,delhi india,Whim.,297,277,24539,False,"PSA for non-science folks: Wonder why everyone is emphasizing hand washing? Sounds banal, but soap really IS an amazing weapon that we all have in our homes. This is because coronavirus is an ""enveloped"" virus, which means that it has an outer lipid membrane layer. 
1/3"
2020-03-01 00:55:18+00:00,RT @spectatorindex: BREAKING: Iranian member of parliament has died of a coronavirus infection,dk12bm,mumbai india,"Interested in: Man & his struggle to Perfection (Philosophy) through People (politics), Society (Sociology), Behaviour (Psychology), Eco, Sci & SPIRITUALITY.",397,460,150462,False,BREAKING: Iranian member of parliament has died of a coronavirus infection
2020-03-01 00:54:55+00:00,China official PMIs February: Manufacturing 35.7 (expected 45.0) Non-manufacturing 29.6 (expectedÂ 51.0) https://t.co/TtrwHavzdR https://t.co/K3sLopZUY7,Iamanirudhsethi,gujarat india,"Global Financial Analyst  - Motivator Ph.D -Human Psychology Trading Coach ,Author of 7 Books ,Trading and Analysis since 1992 
https://t.co/pduKeJ9hUcâ€¦",31578,1588,47639,False,
2020-03-01 00:54:28+00:00,"F.D.A. Expands Coronavirus Testing in the United States https://t.co/Iit9yxFzjL 
By BY KNVUL SHEIKH from NYT Health https://t.co/4T9iun4bEv
NYT https://t.co/halT9CNe24",VaradeNitin,raipur chhattisgarh india,"Live in Raipur, Chhattisgarh - India. I am post Graduate [M.A. (Economics)] 
Self Employ (Graphic Designer) DTP Job work. Music & singing is my great hobby",1007,1041,14475,False,
2020-03-01 00:54:04+00:00,"RT @CNNnews18: #CoronavirusOutbreak | Having previously recommended that people avoid shaking hands, the minister said they should also cutâ€¦",HirenMParekh,vadodara gujarat india,"Follow Me For All type News 1 Twitter Account, Proud Indian, Proud Gujarati, Proud Vadodarian. Like Follow Subscribed : Facebook Twitter YouTube : @HirenMParekh",654,1837,225670,False,"#CoronavirusOutbreak | Having previously recommended that people avoid shaking hands, the minister said they should also cut back on la bise, the custom in France and elsewhere in Europe of giving greetings with kisses, or air kisses, on the cheeks.

https://t.co/Az6Wxoerk9"
2020-03-01 00:52:18+00:00,#Health is linked to  #environment. But also to #globalbusiness. What goes up comes down....this time crashing.  https://t.co/ZURKmrj7lY,rajendrashende,france india italy scotland,"Former United Nations Diplomat, IIT alumni , technology and policy advisor to 147 developing countries on sustainable development, Chairman-TERRE Policy Centre",1635,1668,3087,False,
2020-03-01 00:52:11+00:00,"Corona virus update .

Italy Korea and Iran all three are badly infected now....",NationalistVoi3,india,"Bharat is the greatest Land and Sanatan is the  oldest civilization .

Join to restore the Ramya Rajya .
The pride of humanity . Stay blessed.",479,505,3832,False,
2020-03-01 00:49:00+00:00,"RT @JonErlichman: Some companies that have been affected by coronavirus:

Apple
Berkshire Hathaway
Carnival
Coca-Cola
Delta
Disney
Dominoâ€™sâ€¦",thesanjaydutt,delhi india,General Gyan! No comment of mine is a buy or sell recommendation. Tweets are just general commentary. Trade/Invest after taking professional advise.,5835,717,5602,False,"Some companies that have been affected by coronavirus:

Apple
Berkshire Hathaway
Carnival
Coca-Cola
Delta
Disney
Dominoâ€™s
Expedia
FedEx
General Mills
Hasbro
Hilton
HP
Hyatt
Lululemon
Marriott
Mastercard
Microsoft
Nike
PayPal
P&amp;G
Royal Caribbean
Starbucks
Toyota
United
UPS
Walmart"
2020-03-01 00:47:00+00:00,"#CoronavirusOutbreak | Having previously recommended that people avoid shaking hands, the minister said they should also cut back on la bise, the custom in France and elsewhere in Europe of giving greetings with kisses, or air kisses, on the cheeks.

https://t.co/Az6Wxoerk9",CNNnews18,india,"Lightning fast alerts, #BreakingNews from India and the world.",4484775,425,792169,True,
2020-03-01 00:46:50+00:00,"RT @slickenteur: America has 14,000 diplomats all over the world; China has 8,000; India cannot stand in their league by having 900 diplomaâ€¦",AnirbanMisra1,west bengal india,"Nationalist Hindu , Supporter of egalitarian approach to every aspect of society (Have great regard to Modern Socialism) ...",1569,4449,13557,False,"America has 14,000 diplomats all over the world; China has 8,000; India cannot stand in their league by having 900 diplomats â€” open the floodgates of lateral entries @narendramodi"
2020-03-01 00:46:29+00:00,"RT @DrTedros: On 28 February, @WHO raised the risk assessment for the #COVID19 outbreak 
to â€œvery highâ€ globally, based on the spread of thâ€¦",iGauravMishraa,india,Left- and right-wing are pretty meaningless labels. It's better to just take an issue-by-issue approach.,257,1039,13941,False,"On 28 February, @WHO raised the risk assessment for the #COVID19 outbreak 
to â€œvery highâ€ globally, based on the spread of the new #coronavirus &amp; countriesâ€™ capacity to respond.
The risk within #China remained unchanged as ""very high."""
2020-03-01 00:46:16+00:00,"RT @paulg: ""In the past week, Covid-19 has started behaving a lot like the once-in-a-century pathogen weâ€™ve been worried about. I hope itâ€™sâ€¦",yashchoukse1195,jabalpur india,,29,80,108,False,"""In the past week, Covid-19 has started behaving a lot like the once-in-a-century pathogen weâ€™ve been worried about. I hope itâ€™s not that bad, but we should assume it will be until we know otherwise.""

â€” Bill Gates

https://t.co/WOZYhGETcK"
2020-03-01 00:45:52+00:00,RT @ananthkrishnan: This is fantastic! One thing thatâ€™s left such a deep impression is the incredible sense of humour of so many people inâ€¦,hari_khurda,bhubaneshwar india,Always add something to life,5,42,846,False,This is fantastic! One thing thatâ€™s left such a deep impression is the incredible sense of humour of so many people in China throughout this time of difficulty h/t @RudyakMarina https://t.co/vaumgTtIZC
2020-03-01 00:44:39+00:00,"RT @PeterSweden7: Corona virus Europe update.

ğŸ‡®ğŸ‡¹: 1140
ğŸ‡«ğŸ‡·: 100
ğŸ‡©ğŸ‡ª: 79
ğŸ‡ªğŸ‡¸: 45
ğŸ‡¬ğŸ‡§: 23
ğŸ‡¨ğŸ‡­: 18
ğŸ‡³ğŸ‡´: 15
ğŸ‡¸ğŸ‡ª: 13
ğŸ‡­ğŸ‡·: 6
ğŸ‡³ğŸ‡±: 6
ğŸ‡¬ğŸ‡·: 4
ğŸ‡«ğŸ‡®: 3
ğŸ‡·ğŸ‡´: 3
ğŸ‡©ğŸ‡°:â€¦",NationalistDP,ahmedabad india,"#JaiHind #Bharat #Bhagwa #Hindu #Hinduism
#India #IndiaFirst #DoGoodInfectOthers #DevalQuotes  #ScornedHumor #FatFunnyLife #MemesByDeval",244,522,7819,False,"Corona virus Europe update.

ğŸ‡®ğŸ‡¹: 1140
ğŸ‡«ğŸ‡·: 100
ğŸ‡©ğŸ‡ª: 79
ğŸ‡ªğŸ‡¸: 45
ğŸ‡¬ğŸ‡§: 23
ğŸ‡¨ğŸ‡­: 18
ğŸ‡³ğŸ‡´: 15
ğŸ‡¸ğŸ‡ª: 13
ğŸ‡­ğŸ‡·: 6
ğŸ‡³ğŸ‡±: 6
ğŸ‡¬ğŸ‡·: 4
ğŸ‡«ğŸ‡®: 3
ğŸ‡·ğŸ‡´: 3
ğŸ‡©ğŸ‡°: 3
ğŸ‡¬ğŸ‡ª: 3
ğŸ‡ªğŸ‡ª: 1
ğŸ‡§ğŸ‡ª: 1
ğŸ‡²ğŸ‡°: 1
ğŸ‡¸ğŸ‡²: 1
ğŸ‡±ğŸ‡¹: 1
ğŸ‡§ğŸ‡¾: 1
ğŸ‡®ğŸ‡¸: 1
ğŸ‡²ğŸ‡¨: 1
ğŸ‡±ğŸ‡º: 1
ğŸ‡¨ğŸ‡®: 1"
2020-03-01 00:44:26+00:00,"RT @NorbertElekes: Coronavirus update, February 29:

- S Korea: 813 new cases
- China: 573 new cases
- Italy: 239 new cases
- Iran: 205 newâ€¦",HectorBarbosssa,rajasthan india,Freelancer | Front End Programmer  | Digital Marketing - SEO & SMM | Gamer | Mother | Coffee is Love Biryani is BAE,627,1410,37034,False,"Coronavirus update, February 29:

- S Korea: 813 new cases
- China: 573 new cases
- Italy: 239 new cases
- Iran: 205 new cases
- France: 43 new cases
- Spain: 25 new cases
- Norway: 9 new cases
- Japan: 8 new cases
- USA: 6 new cases"
2020-03-01 00:44:27+00:00,"RT @Megha18455035: #NoMeat_NoCoronaVirus
#GodMorningSaturday
Eating meat is prohibited in all dharmas holly scripturesà¥¤
Its heinous sinà¥¤
soâ€¦",RameshD90195701,jaipur india,à¤†à¤¦à¤¿à¤°à¤¾à¤® à¤•à¤µà¤¿à¤°à¥à¤¦à¥‡à¤µ à¤¹à¥ˆà¥¤,206,86,11787,False,"#NoMeat_NoCoronaVirus
#GodMorningSaturday
Eating meat is prohibited in all dharmas holly scripturesà¥¤
Its heinous sinà¥¤
so say no to meat
and stop Corona virus"" https://t.co/4ZBgOdVgGz"
2020-03-01 00:44:16+00:00,RT @SkyNews: NASA images show coronavirus shutdown has cleared China pollution https://t.co/23rcrsy1PW,sylvkay111,bengaluru india,Living vicariously through myself | Cisco Certified Associate | #WebDeveloperğŸ‘¨ğŸ½â€ğŸ’» | ğŸ‡³ğŸ‡¬ğŸ‡®ğŸ‡³,795,610,85665,False,NASA images show coronavirus shutdown has cleared China pollution https://t.co/23rcrsy1PW
2020-03-01 00:44:06+00:00,"RT @TGMetsFan98: 2020 launch statistics through February.

The United States has a 2 launch lead over China. We're still waiting for ISRO'sâ€¦",UtpalGautam5,india,"""Sky is not the limit when there are footprints on the Moon"".
..ğŸ‡®ğŸ‡³ğŸ‡®ğŸ‡³ğŸ‡®ğŸ‡³...I want an India which will lead the world in space and computer science.",126,456,1801,False,"2020 launch statistics through February.

The United States has a 2 launch lead over China. We're still waiting for ISRO's 2020 campaign to get underway. Starlink is likely to ensure Falcon 9 launches the most this year. https://t.co/9Ipf6gDlPV"
2020-03-01 00:44:00+00:00,RT @airnewsalerts: #SaudiArabiaâ€™s Ministry of Tourism announces that it has temporarily stopped issuing tourist visas to people in certainâ€¦,satyamtiwari777,lucknow india,#IMSatyam9415794940,804,4949,78119,False,#SaudiArabiaâ€™s Ministry of Tourism announces that it has temporarily stopped issuing tourist visas to people in certain countries particularly badly hit by the #coronavirus outbreak.
2020-03-01 00:43:27+00:00,"RT @ANI: China reports 35 more #Coronavirus deaths, 573 new cases: AFP news agency",satyamtiwari777,lucknow india,#IMSatyam9415794940,804,4949,78119,False,"China reports 35 more #Coronavirus deaths, 573 new cases: AFP news agency"
2020-03-01 00:43:24+00:00,"First #coronavirus death on US soil confirmed, @realDonaldTrump calls for calm

https://t.co/itFUPowIjh https://t.co/g4B82EZliC",htTweets,india,One of India's largest media companies. Latest news from around the world. Retweets are not endorsements,7575472,126,739725,True,
2020-03-01 00:43:20+00:00,"RT @airnewsalerts: Indian envoy to #Iran Gaddam Dharmendra says, authorities are working to facilitate the return of #Indians who wish to gâ€¦",satyamtiwari777,lucknow india,#IMSatyam9415794940,804,4949,78119,False,"Indian envoy to #Iran Gaddam Dharmendra says, authorities are working to facilitate the return of #Indians who wish to go back home in the wake of the #coronavirus outbreak. https://t.co/6IQbPDNeRP"
2020-03-01 00:43:09+00:00,"RT @FrRonconi: This #FacialRecognition #AI by @faceplusplus can identify you even if you're wearing a mask!ğŸ˜·
@DigitalTrends

#ArtificialIntâ€¦",akashgolechha,pune india,Technology & Business Evangelist #5G #AI #ML #AR #VR #Robotics #Drone #DataPrivacy #Cloud #Security #IOT #IIOT #BlockChain #Digital #Fintech #innovate #Telecom,490,2063,822,False,"This #FacialRecognition #AI by @faceplusplus can identify you even if you're wearing a mask!ğŸ˜·
@DigitalTrends

#ArtificialIntelligence #MachineLearning #Coronavirus
@alvinfoo @chboursin @mvollmer1 @NevilleGaunt @DrJDrooghaag @DigitalColmer @JoannMoretti @kalydeoo @sarbjeetjohal https://t.co/YLO22fVBf6"
2020-03-01 00:42:58+00:00,"RT @WHO: On 28 February, WHO raised the risk assessment for the #COVID19 outbreak internationally from â€œhighâ€ to â€œvery high.â€

#coronavirusâ€¦",iGauravMishraa,india,Left- and right-wing are pretty meaningless labels. It's better to just take an issue-by-issue approach.,257,1039,13941,False,"On 28 February, WHO raised the risk assessment for the #COVID19 outbreak internationally from â€œhighâ€ to â€œvery high.â€

#coronavirus 

https://t.co/Opqi73eCdv"
2020-03-01 00:41:51+00:00,"RT @slickenteur: America has 14,000 diplomats all over the world; China has 8,000; India cannot stand in their league by having 900 diplomaâ€¦",SaffronWarrior_,india,"Be real, be yourself, be unique, be true, be honest, be humble, be happy.",534,1157,8506,False,"America has 14,000 diplomats all over the world; China has 8,000; India cannot stand in their league by having 900 diplomats â€” open the floodgates of lateral entries @narendramodi"
2020-03-01 00:41:32+00:00,"RT @Brooklynmonk: @usctroj836 Again, that makes very little sense. #China seeks to dominate the #SouthChinaSea, annex #Taiwan, repress #Humâ€¦",sectest9,hyderabad india,News Hub! Get the latest Security News & Updates!,31817,1,1870540,False,"@usctroj836 Again, that makes very little sense. #China seeks to dominate the #SouthChinaSea, annex #Taiwan, repress #Humanrights in #Xinjiang and deny #democracy to #HongKong ongkong while stealing US #technology and benefiting from US #capitalmarkets. This cannot be allowed to continue."
2020-03-01 00:41:22+00:00,"â€˜All they have to do is askâ€™: @realDonaldTrump on helping Iran with #coronavirus outbreak

https://t.co/o2Gb8XCBKl https://t.co/Z63RWJOE8z",htTweets,india,One of India's largest media companies. Latest news from around the world. Retweets are not endorsements,7575473,126,739725,True,
2020-03-01 00:41:22+00:00,@sumatweet All Virusus of China must make arrangements to shift these secular Muslims to Uighur!,Ranga93678717,coimbatore india,,15,226,15365,False,
2020-03-01 00:41:00+00:00,"RT @airnewsalerts: WHO says that over 6,000 #coronavirus cases have been registered outside China; More than 1,300 new cases have been confâ€¦",satyamtiwari777,lucknow india,#IMSatyam9415794940,804,4949,78119,False,"WHO says that over 6,000 #coronavirus cases have been registered outside China; More than 1,300 new cases have been confirmed outside #China during the past 24 hours. https://t.co/PUg7rGr1Kj"
2020-03-01 00:40:55+00:00,RT @Chopsyturvey: A Silent Epidemic? Experts Fear the Coronavirus Is Spreading Undetected in Southeast Asia https://t.co/90G1BugLsE,SethiVed,india,"ğŸ€à¤“à¤‰à¤®à¥ğŸ€
The TRUTH always triumphs in the end. ONE GOD, ONE MANKIND. Let saner elements always prevail.
Let Knowledge come from all sides. PEACE BE TO US ALL !",1296,248,84810,False,A Silent Epidemic? Experts Fear the Coronavirus Is Spreading Undetected in Southeast Asia https://t.co/90G1BugLsE
2020-03-01 00:40:49+00:00,"France bans gatherings, frowns on kissing, to fightÂ coronavirus https://t.co/OZdCbIy8AV https://t.co/EdwwJUbJKN",NewsExpress_,india,"Latest News English and Hindi, Today's History , Current Gov. Jobs and Requirements",62,27,18175,False,
2020-03-01 00:40:44+00:00,RT @NASAEarth: Airborne Nitrogen Dioxide Plummets Over China https://t.co/URfLNy0GZJ #NASA,Likaswa,bangalore india,,243,903,14134,False,Airborne Nitrogen Dioxide Plummets Over China https://t.co/URfLNy0GZJ #NASA
2020-03-01 00:40:41+00:00,"RT @tanja819: We estimated 4000-19000 #COVID19 cases in Wuhan prior to quarantine, based on only sequence data. Our R0 estimate is in agreeâ€¦",SaubashyaSur,india,PhD; Assistant Professor@Ramananda College Bankura University; Interests & Expertise in Bioinformatics # Formerly @liu_universitet @FU_Berlin @UmeaUniversity,357,675,16429,False,"We estimated 4000-19000 #COVID19 cases in Wuhan prior to quarantine, based on only sequence data. Our R0 estimate is in agreement with case count estimates. @ETH_en @ETH_BSSE
https://t.co/SNzkDuIGLG"
2020-03-01 00:40:39+00:00,"RT @Reuters: France bans gatherings of more than 5,000 due to coronavirus https://t.co/NddwwhnSVt https://t.co/4ukjjJs8ul",Harjeet_Insan_,haryana india,"I love you (Satnam,Mastan,Meet).",7487,8184,42796,False,"France bans gatherings of more than 5,000 due to coronavirus https://t.co/NddwwhnSVt https://t.co/4ukjjJs8ul"
2020-03-01 00:40:03+00:00,"RT @INCKarnataka: India's Q3 GDP growth dips to 7-yr low of 4.7%

This with continued slump in manufacturing &amp; fresh challenges arising outâ€¦",patreshhiremath,bangalore india,"#à²•à²°à³à²¨à²¾à²Ÿà²•à²•à²¾à²‚à²—à³à²°à³†à²¸à³ #à²®à²¾à²§à³à²¯à²®à²µà²•à³à²¤à²¾à²° #KPCCMediapanelist #spokeperson #socialmedia

@inckarnataka",333,307,17861,False,"India's Q3 GDP growth dips to 7-yr low of 4.7%

This with continued slump in manufacturing &amp; fresh challenges arising out of coronavirus outbreak stifling global growth.

Going by govt failed record in handling eventualities

Is @narendramodi prepared to handle bigger challenges?"
2020-03-01 00:39:59+00:00,The Government should keep a vigil on the persons returning from countries affected by the virus. Isolation is the best medicine.  - https://t.co/sx4IkjsscS,RSRINIVASABABU1,hyderabad india,,3,7,13479,False,
2020-03-01 00:39:49+00:00,RT @NASAEarth: Airborne Nitrogen Dioxide Plummets Over China https://t.co/URfLNy0GZJ #NASA,rasika_mulye,mumbai india,#Teacher,43,210,2505,False,Airborne Nitrogen Dioxide Plummets Over China https://t.co/URfLNy0GZJ #NASA
2020-03-01 00:39:38+00:00,"RT @FootyHumour: BREAKING NEWS: Reports have emerged today stating that if the coronavirus gets worse, all English football matches will beâ€¦",YouCompleteCunt,bhuj india,"#ProudToBeGinger
LargePeas Stan Account.",193,470,4809,False,"BREAKING NEWS: Reports have emerged today stating that if the coronavirus gets worse, all English football matches will be played behind closed doors and empty stadiums. A decision that will have no effect on Manchester City. https://t.co/cdctLL8dbU"
2020-03-01 00:39:38+00:00,"@thevirdas Rightly said, its not pandemic, it's not epidemic.. we are living in a world suffering from infodemic...!! Alas!",mehakksharma,gurgaon india,,112,199,787,False,
2020-03-01 00:39:26+00:00,"RT @airnewsalerts: Health Secretary Preeti Sudan reviews preparedness on #COVID19

https://t.co/SNm5d3cdAf",shahnirav60,maharashtra india,à¤¯à¤¦à¤¾ à¤¯à¤¦à¤¾ à¤¹à¤¿ à¤§à¤°à¥à¤®à¤¸à¥à¤¯ à¤—à¥à¤²à¤¾à¤¨à¤¿à¤°à¥à¤­à¤µ- à¤¤à¤¿ à¤­à¤¾à¤°à¤¤ à¥¤ à¤…à¤­à¥à¤¯à¥à¤¤à¥à¤¥à¤¾à¤¨- à¤®à¤§à¤°à¥à¤®à¤¸à¥à¤¯ à¤¤à¤¦à¤¾à¤¤à¥à¤®à¤¾à¤¨à¤‚ à¤¸à¥ƒà¤œà¤¾à¤®à¥à¤¯à¤¹à¤®à¥-à¥¥,156,329,19546,False,"Health Secretary Preeti Sudan reviews preparedness on #COVID19

https://t.co/SNm5d3cdAf"
2020-03-01 00:38:56+00:00,"I am still confused of the original source of Coronavirus?
Some say from house bat others allege chemical leakage of Wuhan Reasearch laboratory?",k_therie,nagaland india,Hope is life and business is hope.,4,10,38,False,
2020-03-01 00:38:53+00:00,RT @Billie_T: Liverpool were worried about the corona virus when the real threat was Sarrs,VHotspur,bengaluru india,Massive Tottenham Hotspur fan ! Test cricket fanatic .,921,1493,15022,False,Liverpool were worried about the corona virus when the real threat was Sarrs
2020-03-01 00:38:50+00:00,"RT @kiranshaw: As you can see from this table of coronavirus deaths, it seems to be linked with Co-morbidities as most affected are over 60â€¦",satishverma,chennai india,,135,385,553,False,"As you can see from this table of coronavirus deaths, it seems to be linked with Co-morbidities as most affected are over 60 years.  If you are healthy it appears you can fight the virus like you do with viral flus. https://t.co/7iuxEGV5vN"
2020-03-01 00:38:25+00:00,"RT @sparky347v: Democrats are so good at foriegn diplomacy, they've managed to get; 
China
South Korea
Iran
italy,
Australia,
Canada,
Francâ€¦",PascotoIndia,udaipur india,"#vegan. A volunteer at #animalaid, I currently live in #udaipur, #rajasthan, India.",447,968,3125,False,"Democrats are so good at foriegn diplomacy, they've managed to get; 
China
South Korea
Iran
italy,
Australia,
Canada,
France,
Germany,
Japan,
Kuwait, 
Malaysia,
Spain,
Thailand,
Taiwan, 
Sweden,
Uk,

All to play along with the Coronavirus Hoax, just to oust Trump.

Impressive."
2020-03-01 00:38:20+00:00,"#HealthIT #HealthcareIT Trump administration expands coronavirus travel ban to include Iran https://t.co/SXQgei0ne7

WASHINGTON â€” The Trump administration on Saturday announced it would expand an existing ban on travel from Iran in response to the accelerating novel coronavirusâ€¦",Chandrakant_B,nashik india,"Manager Operations -
Sharing #HealthcareIT, 
#HealthCareJobs, 
#HealthcareNews, 
#HealthCareFormats, &
#HealthcareQuality
for all healthcare industry personnel.",602,2311,42839,False,
2020-03-01 00:38:21+00:00,"#HealthIT #HealthcareIT First Covid-19 outbreak in a U.S. nursing home raises concerns https://t.co/cqXOrfdEPd

Washington state reported on Saturday the first death in the U.S. from the new coronavirus, the first health care worker to be infected with the disease, and most worâ€¦",Chandrakant_B,nashik india,"Manager Operations -
Sharing #HealthcareIT, 
#HealthCareJobs, 
#HealthcareNews, 
#HealthCareFormats, &
#HealthcareQuality
for all healthcare industry personnel.",602,2311,42839,False,
2020-03-01 00:37:53+00:00,RT @spectatorindex: BREAKING: 35 new coronavirus deaths in China,satyamtiwari777,lucknow india,#IMSatyam9415794940,804,4949,78119,False,BREAKING: 35 new coronavirus deaths in China
2020-03-01 00:37:55+00:00,RT @airnewsalerts: #SaudiArabiaâ€™s Ministry of Tourism announces that it has temporarily stopped issuing tourist visas to people in certainâ€¦,shahnirav60,maharashtra india,à¤¯à¤¦à¤¾ à¤¯à¤¦à¤¾ à¤¹à¤¿ à¤§à¤°à¥à¤®à¤¸à¥à¤¯ à¤—à¥à¤²à¤¾à¤¨à¤¿à¤°à¥à¤­à¤µ- à¤¤à¤¿ à¤­à¤¾à¤°à¤¤ à¥¤ à¤…à¤­à¥à¤¯à¥à¤¤à¥à¤¥à¤¾à¤¨- à¤®à¤§à¤°à¥à¤®à¤¸à¥à¤¯ à¤¤à¤¦à¤¾à¤¤à¥à¤®à¤¾à¤¨à¤‚ à¤¸à¥ƒà¤œà¤¾à¤®à¥à¤¯à¤¹à¤®à¥-à¥¥,156,329,19546,False,#SaudiArabiaâ€™s Ministry of Tourism announces that it has temporarily stopped issuing tourist visas to people in certain countries particularly badly hit by the #coronavirus outbreak.
2020-03-01 00:37:24+00:00,"RT @airnewsalerts: WHO says that over 6,000 #coronavirus cases have been registered outside China; More than 1,300 new cases have been confâ€¦",shahnirav60,maharashtra india,à¤¯à¤¦à¤¾ à¤¯à¤¦à¤¾ à¤¹à¤¿ à¤§à¤°à¥à¤®à¤¸à¥à¤¯ à¤—à¥à¤²à¤¾à¤¨à¤¿à¤°à¥à¤­à¤µ- à¤¤à¤¿ à¤­à¤¾à¤°à¤¤ à¥¤ à¤…à¤­à¥à¤¯à¥à¤¤à¥à¤¥à¤¾à¤¨- à¤®à¤§à¤°à¥à¤®à¤¸à¥à¤¯ à¤¤à¤¦à¤¾à¤¤à¥à¤®à¤¾à¤¨à¤‚ à¤¸à¥ƒà¤œà¤¾à¤®à¥à¤¯à¤¹à¤®à¥-à¥¥,156,329,19546,False,"WHO says that over 6,000 #coronavirus cases have been registered outside China; More than 1,300 new cases have been confirmed outside #China during the past 24 hours. https://t.co/PUg7rGr1Kj"
2020-03-01 00:37:20+00:00,RT @shafei_d: Iranâ€™s Pasteur Institute approves the home made COVID-19 diagnostics https://t.co/ltw3QKNHp7,ibrahimhadi313,srinagar india,muslim,377,1422,2020,False,Iranâ€™s Pasteur Institute approves the home made COVID-19 diagnostics https://t.co/ltw3QKNHp7
2020-03-01 00:37:15+00:00,"RT @ANI: China reports 35 more #Coronavirus deaths, 573 new cases: AFP news agency",shahnirav60,maharashtra india,à¤¯à¤¦à¤¾ à¤¯à¤¦à¤¾ à¤¹à¤¿ à¤§à¤°à¥à¤®à¤¸à¥à¤¯ à¤—à¥à¤²à¤¾à¤¨à¤¿à¤°à¥à¤­à¤µ- à¤¤à¤¿ à¤­à¤¾à¤°à¤¤ à¥¤ à¤…à¤­à¥à¤¯à¥à¤¤à¥à¤¥à¤¾à¤¨- à¤®à¤§à¤°à¥à¤®à¤¸à¥à¤¯ à¤¤à¤¦à¤¾à¤¤à¥à¤®à¤¾à¤¨à¤‚ à¤¸à¥ƒà¤œà¤¾à¤®à¥à¤¯à¤¹à¤®à¥-à¥¥,156,329,19546,False,"China reports 35 more #Coronavirus deaths, 573 new cases: AFP news agency"
2020-03-01 00:37:06+00:00,"RT @airnewsalerts: WHO says that over 6,000 #coronavirus cases have been registered outside China; More than 1,300 new cases have been confâ€¦",pradeep_vkp,india,Don't expect anything from anyone.,14,342,130,False,"WHO says that over 6,000 #coronavirus cases have been registered outside China; More than 1,300 new cases have been confirmed outside #China during the past 24 hours. https://t.co/PUg7rGr1Kj"
2020-03-01 00:36:39+00:00,Quarantine for Coronavirus Has Serious Side Effects â€“Â Bloomberg https://t.co/XcVtYDxpav,somsirsa,chandigarh india,"Technophile, AI Faculty, Mental Health Advocate, @JUFET alum, 

Appointments at ğŸ‘‰
https://t.co/BzXQ3mIfBS",785,1695,391578,False,
2020-03-01 00:36:37+00:00,"RT @v_shakthi: He was silenced by Chinese authorities for warning against the #coronavirus outbreak, and soon died from the illness. This iâ€¦",Aj_SaBha,india,,171,609,13817,False,"He was silenced by Chinese authorities for warning against the #coronavirus outbreak, and soon died from the illness. This is the story of Dr. Li Wenliang. https://t.co/TOx4MMdyRT"
2020-03-01 00:36:25+00:00,"RT @GreatGameIndia: Did CCP ordered the destruction of #Coronavirus case samples to coverup the outbreak?
https://t.co/zcw3Nzj5Ms",A31X64Vijay,india bharat,"Dreaming for a Strong, Powerful & Glorious 'Great-INDIA' (Akhand Bharat) ... in a Beautiful WORLD !!! .. RTs are Not Endorsements !",4166,5001,396051,False,"Did CCP ordered the destruction of #Coronavirus case samples to coverup the outbreak?
https://t.co/zcw3Nzj5Ms"
2020-03-01 00:35:46+00:00,"RT @spectatorindex: JUST IN: Three new coronavirus cases in Ontario, Canada",dtytrivedi,india,I love to discuss about the present Politics of India. Views expressed are personal. Retweets are not endorsements,531,4106,87714,False,"JUST IN: Three new coronavirus cases in Ontario, Canada"
2020-03-01 00:33:47+00:00,RT @aliostad: Coronavirus epidemy in Iran has past the crisis level. The country is imploding - law and order to disappear in the next daysâ€¦,shikhar456,india,"Interested in tech, politics & Advaita.
My tweets/retweets/likes are my own and not those of my employer. RTs are not endorsements.",385,14,37572,False,Coronavirus epidemy in Iran has past the crisis level. The country is imploding - law and order to disappear in the next days. A number of officials already died and mass infection among hospital staff and police forces reported.
2020-03-01 00:33:41+00:00,RT @spectatorindex: BREAKING: Iranian member of parliament has died of a coronavirus infection,A31X64Vijay,india bharat,"Dreaming for a Strong, Powerful & Glorious 'Great-INDIA' (Akhand Bharat) ... in a Beautiful WORLD !!! .. RTs are Not Endorsements !",4166,5001,396051,False,BREAKING: Iranian member of parliament has died of a coronavirus infection
2020-03-01 00:33:28+00:00,RT @aliostad: Coronavirus epidemy in Iran has past the crisis level. The country is imploding - law and order to disappear in the next daysâ€¦,SrVarun,bengaluru india,Business Manager. Product Guy. Fitness Enthusiast. Helping build early-stage businesses in the fintech space.,112,256,270,False,Coronavirus epidemy in Iran has past the crisis level. The country is imploding - law and order to disappear in the next days. A number of officials already died and mass infection among hospital staff and police forces reported.
2020-03-01 00:33:23+00:00,Such important roads close to China boarder are left to the merci of cruel and greedy small contractors. The boarder roads should be built by an experienced Swiss or German company. They would have also reduced the distance by building bridges.,ayurvedavv,dunda india,Health and Environment,143,315,3709,False,
2020-03-01 00:33:21+00:00,"RT @threadreaderapp: @XanWoodruff Bonjour, you can read it here: Thread by @angie_rasmussen: A lot of people have been asking me about howâ€¦",thesanjaydutt,delhi india,General Gyan! No comment of mine is a buy or sell recommendation. Tweets are just general commentary. Trade/Invest after taking professional advise.,5835,717,5602,False,"@XanWoodruff Bonjour, you can read it here: Thread by @angie_rasmussen: A lot of people have been asking me about how long #SARSCoV2 #HCoV19 #COVID19 #coronavirusâ€¦ https://t.co/5GLwmwEFXh. See you soon. ğŸ¤–"
2020-03-01 00:32:49+00:00,Do read this thread. Excellent information Om COVID- 19 https://t.co/QKBCUfscbn,thesanjaydutt,delhi india,General Gyan! No comment of mine is a buy or sell recommendation. Tweets are just general commentary. Trade/Invest after taking professional advise.,5835,717,5602,False,
2020-03-01 00:32:38+00:00,"RT @satya_yadav: Just how contagious is COVID-19? This chart puts it in perspective

https://t.co/n5ZWjLAXOP https://t.co/d7uLOfaa3Z",sonalasthana,bangalore india,"Liver Surgery, transplantation and all else.Tweets and links do not represent endorsement, approval or support.",1022,597,7495,False,"Just how contagious is COVID-19? This chart puts it in perspective

https://t.co/n5ZWjLAXOP https://t.co/d7uLOfaa3Z"
2020-03-01 00:32:33+00:00,"RT @KarenFlemingPhD: PSA for non-science folks: Wonder why everyone is emphasizing hand washing? Sounds banal, but soap really IS an amazinâ€¦",darthdevi,india,"Comms ninja, homechef, food writer-researcher, pet mom and a rugby girl.",5419,491,79848,False,"PSA for non-science folks: Wonder why everyone is emphasizing hand washing? Sounds banal, but soap really IS an amazing weapon that we all have in our homes. This is because coronavirus is an ""enveloped"" virus, which means that it has an outer lipid membrane layer. 
1/3"
2020-03-01 00:32:21+00:00,"Chinese car sales down by 92 percent in first half of February

The Coronavirus epidemic has been in the news over the past few months not only for the threat it poses but also for its adverse impact on various sectors of global economies, especially in China. Now as per a râ€¦ https://t.co/GbBNgwCPVJ",koolietech,india,"koolietech is the upcoming one of the largest
classified in India. 
All the services are free to use in koolietech 
You can buy,Sell or Exchange your things.",96,244,2577,False,
2020-03-01 00:31:52+00:00,RT @spectatorindex: BREAKING: First case of coronavirus in Luxembourg,dtytrivedi,india,I love to discuss about the present Politics of India. Views expressed are personal. Retweets are not endorsements,531,4106,87714,False,BREAKING: First case of coronavirus in Luxembourg
2020-03-01 00:31:47+00:00,"RT @PeterSweden7: Corona virus in Italy is continuing to spread ğŸ‡®ğŸ‡¹

- 1140 infected.
- 105 in intensive care.
- 29 dead.",SureshBza,india,I do not recommend any thing to any one. This was what i saw or what i feel. #NSE,404,948,6956,False,"Corona virus in Italy is continuing to spread ğŸ‡®ğŸ‡¹

- 1140 infected.
- 105 in intensive care.
- 29 dead."
2020-03-01 00:31:44+00:00,"RT @ANI: China reports 35 more #Coronavirus deaths, 573 new cases: AFP news agency",dtytrivedi,india,I love to discuss about the present Politics of India. Views expressed are personal. Retweets are not endorsements,531,4106,87714,False,"China reports 35 more #Coronavirus deaths, 573 new cases: AFP news agency"
2020-03-01 00:31:14+00:00,"RT @spectatorindex: JUST IN: Fifth case of coronavirus in Sydney, in man who recently arrived from Iran.",dtytrivedi,india,I love to discuss about the present Politics of India. Views expressed are personal. Retweets are not endorsements,531,4106,87714,False,"JUST IN: Fifth case of coronavirus in Sydney, in man who recently arrived from Iran."
2020-03-01 00:31:08+00:00,RT @angie_rasmussen: A lot of people have been asking me about how long #SARSCoV2 #HCoV19 #COVID19 #coronavirus can stick around in the envâ€¦,rera_shera,bengaluru india,"Hi! I am Sanjiv Aundhe.I aim to track,discuss and update on The Real Estate(Regulation and Development Act), 2016.Cheers! (RT is not endorsement)",294,538,375,False,"A lot of people have been asking me about how long #SARSCoV2 #HCoV19 #COVID19 #coronavirus can stick around in the environment. That really depends on a lot of factors, and I'm here to talk about what those are."
2020-03-01 00:30:58+00:00,"#Covid19 is now in 50 countries!
#CoronaVirusUpdate #Coronavid19 

""Reading this article itself I started getting bouts of sneezing! #Coronavirus use our social media tools; start cannibalising #hate #communal &amp; #Divisive virus
#DelhiRiots'
@IndiasMuslims 
https://t.co/BNIzSyk3UO",MohdMuzzammilK,hyderabad india,"CautionğŸ”¥Road not taken!
(Ex Assoc-Prof)
Entrepreneur, Consultant & Adviser
'Politics=Inquilab'
NGOs & Public Interest
(#Sufism #Rumi #WhirlingDervish #History)",4590,3340,70732,False,
2020-03-01 00:30:54+00:00,RT @WIRED: Public health officials have been saying for decades that respiratory coronaviruses were a potential emerging infectious diseaseâ€¦,MohanSubramanyn,sriperumbudur india,Nothing,46,62,9031,False,"Public health officials have been saying for decades that respiratory coronaviruses were a potential emerging infectious disease threat. They were right. 

We need to prepare for more viruses like this one in the future : https://t.co/F46JVAGvp8 https://t.co/ukznwwfNuq"
2020-03-01 00:30:04+00:00,"Frank Plummer â€“ Canadian Scientist Key To #Coronavirus Investigation Assassinated In Africa?
https://t.co/VjvQMV9uXt",GreatGameIndia,india,Journal on Geopolitics & International Relations https://t.co/R2CahjL0pK. Book https://t.co/ic0Tq49JmH. Chat & Tips https://t.co/LBVtVPIeWC,17991,1867,20520,False,
2020-03-01 00:30:00+00:00,"#InPics | Let's take a look at the adverse impact of the novel virus on the country

https://t.co/R76BhulqIR",WIONews,india,#WION: World Is One | Welcome to Indiaâ€™s first global news network. We present global stories with an Indian perspective. | Proud to be banned by China,221072,90,121703,True,
2020-03-01 00:29:29+00:00,Air NZ reduces Samoa flights to help prevent coronavirus spreading to the islandÂ nation https://t.co/uszgGCqYdU,WaYs2rOcK,new delhi india,Raj Gaur,44,57,41657,False,
2020-03-01 00:27:15+00:00,RT @spectatorindex: BREAKING: First case of coronavirus in Ireland,dtytrivedi,india,I love to discuss about the present Politics of India. Views expressed are personal. Retweets are not endorsements,531,4106,87714,False,BREAKING: First case of coronavirus in Ireland
2020-03-01 00:27:00+00:00,"RT @IndoPac_Info: #Chinese laboratory that first shared coronavirus genome with world ordered to close for â€˜rectificationâ€™, hindering its #â€¦",prasadam1062,hyderabad india,"Former Diplomat specialising in Middle East affairs, Cyber security, Indian Ocean and Maritime security.  President of Centre for Asia-Africa Policy Research.",33,89,131,False,"#Chinese laboratory that first shared coronavirus genome with world ordered to close for â€˜rectificationâ€™, hindering its #coronavirus research

The lab released information about the virus ahead of authorities. The CCP regime didn't like that.

https://t.co/DTGaJWfNPg"
2020-03-01 00:25:09+00:00,"RT @NioZenji: India just went through a tough period. But never forget, this is the same nation that once influenced other great civilizatiâ€¦",bvanand24,bengaluru india,"Urban, rural, environment, local & Global issues",83,507,6049,False,"India just went through a tough period. But never forget, this is the same nation that once influenced other great civilizations - from Japan &amp; China to Mongolia &amp; Korea. The Indian Flag &amp; Emblem are a tribute to our great heritage. So keep the faith. Buddham Saranam Gacchami. ğŸ™ https://t.co/txV2d7yEOu"
2020-03-01 00:23:35+00:00,"RT @airnewsalerts: Indian envoy to #Iran Gaddam Dharmendra says, authorities are working to facilitate the return of #Indians who wish to gâ€¦",rutuuku,maharashtra india,"I like critisism, it makes you strongğŸ™‡ğŸ¤˜â™€",5,1017,2342,False,"Indian envoy to #Iran Gaddam Dharmendra says, authorities are working to facilitate the return of #Indians who wish to go back home in the wake of the #coronavirus outbreak. https://t.co/6IQbPDNeRP"
2020-03-01 00:23:25+00:00,"RT @ANI: China reports 35 more #Coronavirus deaths, 573 new cases: AFP news agency",TheDilSe,mumbai mh gujarat india,"Living life. Living live. Take Music and Cricket very seriously. And yeah, I play Candy Crush. #HMP",111,78,37547,False,"China reports 35 more #Coronavirus deaths, 573 new cases: AFP news agency"
2020-03-01 00:23:02+00:00,"RT @JrehnJ: The maps on this page show concentrations of nitrogen dioxide, a noxious gas emitted by motor vehicles, power plants, and indusâ€¦",nknairvm,bengaluru india,"#InteriorDesigner  #VisualMerchandiser #ProjectLeader #People #Leadership, customers, #Retail merchandising #fashion # homefurnishings",11744,9950,1852,False,"The maps on this page show concentrations of nitrogen dioxide, a noxious gas emitted by motor vehicles, power plants, and industrial facilities. The maps above show NO2 values across China from January 1-20, 2020 (before the quarantine) and February 10-25 (during the quarantine) https://t.co/1uOIEaohA2"
2020-03-01 00:22:54+00:00,"RT @ANI: China reports 35 more #Coronavirus deaths, 573 new cases: AFP news agency",nikhilmufc23,pune india,"A Footy fan, R.M and MU supporter, a fatass,forever alone guy, be lazy think crazy is my mantra, a sore loser with a bad humour :)",352,1873,11292,False,"China reports 35 more #Coronavirus deaths, 573 new cases: AFP news agency"
2020-03-01 00:22:24+00:00,RT @spectatorindex: BREAKING: Iranian member of parliament has died of a coronavirus infection,ajaynirwal2,jalna india,Those who use religion for their own benefit are detestable. We are against such a situation and will not allow it.,323,1296,56923,False,BREAKING: Iranian member of parliament has died of a coronavirus infection
2020-03-01 00:22:12+00:00,"RT @ImtiazMadmood: Italy is suffering heavily from Corona virus with 2916 cases.

Sonia Gandhi and Rahul Gandhi are going to live in Italyâ€¦",KushalShiva,jodhpur india,"Meditation Teacher.
Sincere Devotee.
True Patriot.
Aspiring Guitarist.
Foodie.
WorkoutHolic.
& the Cool Guy ğŸ˜",336,286,5727,False,"Italy is suffering heavily from Corona virus with 2916 cases.

Sonia Gandhi and Rahul Gandhi are going to live in Italy to show Indian solidarity till the crises are over."
2020-03-01 00:22:01+00:00,@OhPotty @ImtiazMadmood Corona have cure but peaceful incurable,aardee2209,new delhi india,"BMKJ ğŸ‡®ğŸ‡³.
RT are not endorsements.",169,806,9358,False,
2020-03-01 00:21:53+00:00,RT @angie_rasmussen: A lot of people have been asking me about how long #SARSCoV2 #HCoV19 #COVID19 #coronavirus can stick around in the envâ€¦,siddhud,india and japan,"Founder and CEO, @ShimBiLabs. Founder and VP Indo Japan Business Council.",766,220,15139,False,"A lot of people have been asking me about how long #SARSCoV2 #HCoV19 #COVID19 #coronavirus can stick around in the environment. That really depends on a lot of factors, and I'm here to talk about what those are."
2020-03-01 00:21:43+00:00,"RT @DrTedros: Itâ€™s normal &amp; understandable to feel anxious, especially if your country or community has been affected by #COVID19.
Seek offâ€¦",DrSanjayKV,chandauli varanasi india,Biotechnologist/Admirer of nature/,6069,5736,1364,False,"Itâ€™s normal &amp; understandable to feel anxious, especially if your country or community has been affected by #COVID19.
Seek official sources of info to protect yourself, loved ones &amp; your community.
Plan on how to stay safe at work, school or your place of worship. #coronavirus"
2020-03-01 00:21:41+00:00,"RT @DrTedros: If you are 60+, or have an underlying condition like cardiovascular disease, a respiratory condition or diabetes, you have aâ€¦",DrSanjayKV,chandauli varanasi india,Biotechnologist/Admirer of nature/,6069,5736,1364,False,"If you are 60+, or have an underlying condition like cardiovascular disease, a respiratory condition or diabetes, you have a higher risk of developing severe #COVID19. Try to avoid crowded areas, or places where you might interact with people who are sick. #coronavirus"
2020-03-01 00:21:38+00:00,"RT @DrTedros: To reduce your risk from the new #coronavirus infection:

-if you are sick, stay at home; eat &amp; sleep separately from your faâ€¦",DrSanjayKV,chandauli varanasi india,Biotechnologist/Admirer of nature/,6069,5736,1364,False,"To reduce your risk from the new #coronavirus infection:

-if you are sick, stay at home; eat &amp; sleep separately from your family; use different utensils &amp; cutlery to eat
-if you develop shortness of breath, call your doctor &amp; seek care immediately"
2020-03-01 00:21:25+00:00,"RT @DrTedros: To reduce your risk from the new #coronavirus infection:
-avoid traveling if you have a fever/cough
-if you become sick whileâ€¦",DrSanjayKV,chandauli varanasi india,Biotechnologist/Admirer of nature/,6069,5736,1364,False,"To reduce your risk from the new #coronavirus infection:
-avoid traveling if you have a fever/cough
-if you become sick while on a flight, inform the crew immediately
-if you cough/sneeze, do it into your sleeve or use a tissue
-if you feel unwell, stay at home &amp; call your doctor"
2020-03-01 00:21:18+00:00,"RT @DrTedros: To reduce your risk from the new #coronavirus infection:

-clean your hands regularly
-don't touch your face after touching câ€¦",DrSanjayKV,chandauli varanasi india,Biotechnologist/Admirer of nature/,6069,5736,1364,False,"To reduce your risk from the new #coronavirus infection:

-clean your hands regularly
-don't touch your face after touching contaminated surfaces
-clean surfaces regularly with disinfectant
-educate yourself about #COVID19

https://t.co/vvw88HIxZN"
2020-03-01 00:21:16+00:00,"@ImranKhanPTI China will not send ducks to tackle locusts in Pakistan, says expert...",PsMs2904,new delhi india,"à¤­à¥€à¤—à¤¾ à¤¹à¥à¤† à¤†à¤¦à¤®à¥€, à¤¬à¤¾à¤°à¤¿à¤¶ à¤¸à¥‡ à¤¨à¤¹à¥€à¤‚ à¤¡à¤°à¤¤à¤¾à¥¤ :)",232,1155,1592,False,
2020-03-01 00:21:09+00:00,RT @DrTedros: #COVID19 is an infectious disease caused by a new #coronavirus introduced to humans for the first time. It spreads from persoâ€¦,DrSanjayKV,chandauli varanasi india,Biotechnologist/Admirer of nature/,6069,5736,1364,False,"#COVID19 is an infectious disease caused by a new #coronavirus introduced to humans for the first time. It spreads from person to person mainly through the droplets produced when an infected person speaks, coughs or sneezes. https://t.co/1erCABYbIQ"
2020-03-01 00:20:29+00:00,RT @IndianExpress: The man had arrived in Kochi on February 27 with fever and pneumonia and was immediately shifted to the isolation ward aâ€¦,kundangautam,new delhi india,,95,142,23959,False,"The man had arrived in Kochi on February 27 with fever and pneumonia and was immediately shifted to the isolation ward at the medical college.

https://t.co/HR0eoqWHBC"
2020-03-01 00:20:01+00:00,"After first coronavirus death in the US, first possible outbreak reported https://t.co/JkjPEkyw7r",SebPeter,mumbai india,"Designer, Twitter addict, Artist,Thinker,Writer,Engineer,party animal,gadget freak,social networking, techno savvy. My Secret mantra of life - keep smiling :)))",5145,4076,293803,False,
2020-03-01 00:19:48+00:00,"RT @jenniferatntd: Rumor says Internet in #China could be shut down or limited from Mar. 1. Whether it's true or not, here's a notice fromâ€¦",satyug20201,india,"à¤ªà¤°à¤®à¤¾à¤¤à¥à¤®à¤¾ à¤•à¥‡ à¤²à¤¿à¤ à¤•à¥à¤› à¤­à¥€ à¤…à¤¸à¤‚à¤­à¤µ à¤¨à¤¹à¥€à¤‚ à¤²à¥‡à¤•à¤¿à¤¨ à¤ªà¤°à¤®à¤¾à¤¤à¥à¤®à¤¾ à¤¹à¥ˆ à¤•à¥Œà¤¨ à¤œà¤¾à¤¨à¥‡ à¤‡à¤¸ à¤µà¥‡à¤¬à¤¸à¤¾à¤‡à¤Ÿ à¤¸à¥‡ à¤ªà¥à¤°à¤®à¤¾à¤£ à¤•à¥‡ à¤¸à¤¾à¤¥à¥¤
work as a civil Engineer",41002,15604,40304,False,"Rumor says Internet in #China could be shut down or limited from Mar. 1. Whether it's true or not, here's a notice from a popular movie website, asking its users to download movies quickly as server will be shut down ""for maintenance"" at 11:00 pm on Mar. 1 #COVID2019 #Coronavirus https://t.co/cRW3ef3ffD"
2020-03-01 00:18:53+00:00,"RT @GreatGameIndia: STUDY: CT Scan best diagnosis for #Coronavirus

With limitations of sample collection and transportation as well as kitâ€¦",A31X64Vijay,india bharat,"Dreaming for a Strong, Powerful & Glorious 'Great-INDIA' (Akhand Bharat) ... in a Beautiful WORLD !!! .. RTs are Not Endorsements !",4166,5001,396063,False,"STUDY: CT Scan best diagnosis for #Coronavirus

With limitations of sample collection and transportation as well as kit performance, the total positive rate of RT-PCR for throat swab samples has been reported to be about 30%-60% at initial presentation.
https://t.co/3V4UTj551l"
2020-03-01 00:18:26+00:00,"Indian envoy to #Iran Gaddam Dharmendra says, authorities are working to facilitate the return of #Indians who wish to go back home in the wake of the #coronavirus outbreak. https://t.co/6IQbPDNeRP",airnewsalerts,new delhi india,"Official account of News Services Division, All India Radio.

à¤¹à¤¿à¤‚à¤¦à¥€ à¤•à¥‡ à¤¸à¤®à¤¾à¤šà¤¾à¤°à¥‹à¤‚ à¤•à¥‡ à¤²à¤¿à¤ @AIRNewsHindi à¤•à¥‹ à¤«à¥‰à¤²à¥‹ à¤•à¤°à¥‡à¤‚!
Follow @AIRNewsUrdu for news updates in Urdu",2458262,17,279673,True,
2020-03-01 00:18:22+00:00,"RT @ANI: China reports 35 more #Coronavirus deaths, 573 new cases: AFP news agency",HirenMParekh,vadodara gujarat india,"Follow Me For All type News 1 Twitter Account, Proud Indian, Proud Gujarati, Proud Vadodarian. Like Follow Subscribed : Facebook Twitter YouTube : @HirenMParekh",654,1837,225670,False,"China reports 35 more #Coronavirus deaths, 573 new cases: AFP news agency"
2020-03-01 00:17:46+00:00,"RT @ANI: China reports 35 more #Coronavirus deaths, 573 new cases: AFP news agency",daburkaatel,india,Software Engineer by profession but have more interest in other things ğŸ˜ƒ,50,481,5632,False,"China reports 35 more #Coronavirus deaths, 573 new cases: AFP news agency"
2020-03-01 00:17:28+00:00,"China reports 35 more #Coronavirus deaths, 573 new cases: AFP news agency",ANI,india,"Asian News International. Multi-media news agency, content for information platforms: TV, Internet, broadband, newspapers, mobiles https://t.co/PjGRhL4qvg",4376505,0,411091,True,
2020-03-01 00:16:36+00:00,"RT @Telugu360: #coronavirus - First U.S. death from coronavirus confirmed in Washington state, according to health officials",thedk9999,india,Views are personal.,1502,311,41622,False,"#coronavirus - First U.S. death from coronavirus confirmed in Washington state, according to health officials"
2020-03-01 00:16:17+00:00,RT @OriginalDWoods: A dog has tested positive for the Coronavirus. White people about to find a cure ASAP now,GreatSouledSam,bodhgaya india,"Blackpill Buddhist ğŸ•‰
#GroyperSeason",2826,959,15062,False,A dog has tested positive for the Coronavirus. White people about to find a cure ASAP now
2020-03-01 00:16:14+00:00,"RT @RoKhanna: Coronavirus shows the importance of @BernieSanders' Medicare for All.

In a pandemic, you don't want people avoiding gettingâ€¦",Vignesh_C7,tamil nadu india,,275,1541,42513,False,"Coronavirus shows the importance of @BernieSanders' Medicare for All.

In a pandemic, you don't want people avoiding getting tested or treated because they can't afford a $3,000 medical bill.

We're only as safe as the least insured person among us. Everyone has to be covered. https://t.co/CrHQnlvf4U"
2020-03-01 00:15:08+00:00,"RT @BNODesk: Statement from King County Public Health in Washington state, confirming multiple new cases of coronavirus, including 1 death.â€¦",A31X64Vijay,india bharat,"Dreaming for a Strong, Powerful & Glorious 'Great-INDIA' (Akhand Bharat) ... in a Beautiful WORLD !!! .. RTs are Not Endorsements !",4166,5001,396063,False,"Statement from King County Public Health in Washington state, confirming multiple new cases of coronavirus, including 1 death. Press briefing at 1 p.m. PT https://t.co/7RHMJthOUM"
2020-03-01 00:15:10+00:00,RT @_DoneAndDone_: Wondering how to source your components from China because of corona? We've got that covered. #Strategy #Operations #_Doâ€¦,Ideastycoon,surat india,"Community Building Platform for Startups, Mentors, Investors & Co-working Spaces | Subscribe for WhatsApp updates: https://t.co/Wc0z4H6IjZ",859,14,36274,False,Wondering how to source your components from China because of corona? We've got that covered. #Strategy #Operations #_DoneAndDone_ #startupindia #businesses
2020-03-01 00:15:04+00:00,"RT @SWatercolour: for the K-ARMYs who donated their ticket refunds to fight COVID-19. you are very inspiring, sorry it happened (en/kr) @BTâ€¦",Sparkle__ot7,india,BTS Army #BTS,42,247,15585,False,"for the K-ARMYs who donated their ticket refunds to fight COVID-19. you are very inspiring, sorry it happened (en/kr) @BTS_twt https://t.co/5gstXWAm3r"
2020-03-01 00:15:00+00:00,"A group of #Telangana ministers have given an interesting twist to a political event in #Hyderabad 
 https://t.co/yM1jvGDjMe",FinancialXpress,new delhi india,"A complete up-to-date source for biz news, #finance news, #stockmarket news,  economy news online. 
à¤¹à¤¿à¤‚à¤¦à¥€ à¤®à¥‡à¤‚ @fehindi | https://t.co/yeMh2f2ymw",652492,38,363634,True,
2020-03-01 00:14:51+00:00,"#NewsAlert | China reports 35 more virus deaths, 573 new cases (AFP) 

#coronavirus",htTweets,india,One of India's largest media companies. Latest news from around the world. Retweets are not endorsements,7574622,126,739729,True,
2020-03-01 00:14:48+00:00,"RT @BNODesk: BREAKING: At least 210 people in Iran are believed to have died of coronavirus, according to the BBC, citing hospital sources.â€¦",schandra_100,mumbai india,"Founder of CrowdWisdom360, India's First Political and Entertainment Prediction Gaming Platform using the principles of Wisdom of the Crowd",232,248,2477,False,"BREAKING: At least 210 people in Iran are believed to have died of coronavirus, according to the BBC, citing hospital sources. The official death toll is 34."
2020-03-01 00:14:48+00:00,RT @BNODesk: BREAKING: Washington state reports first U.S. death from coronavirus  https://t.co/eUoE2b20hL,A31X64Vijay,india bharat,"Dreaming for a Strong, Powerful & Glorious 'Great-INDIA' (Akhand Bharat) ... in a Beautiful WORLD !!! .. RTs are Not Endorsements !",4166,5000,396096,False,BREAKING: Washington state reports first U.S. death from coronavirus  https://t.co/eUoE2b20hL
2020-03-01 00:14:19+00:00,"RT @HayekAndKeynes: Coronavirus is rarely fatal for working age adults....

Ultimately, itâ€™s a virus that targets the elderly. https://t.coâ€¦",sai_india,india,"Courage is in fighting for the helpless, Religion is in feeding the hungry, human is to Help. Say No To.. Too Big to Fail & Fractional Reserve Banking.",95,341,2139,False,"Coronavirus is rarely fatal for working age adults....

Ultimately, itâ€™s a virus that targets the elderly. https://t.co/lbQgkG6TB3"
2020-03-01 00:14:08+00:00,"RT @iimcomic: Corona Virus is not spreading in India.

Coz, we have Section 144 in the country half the time.",MultaniKanwal,india,Foodie. Traveller. Live to Drive .,141,96,24702,False,"Corona Virus is not spreading in India.

Coz, we have Section 144 in the country half the time."
2020-03-01 00:14:01+00:00,"RT @Earth_ToHeaven: #coronavirusnigeria
True worship can cure incurable diseases like Cancer, Aids, #coronavirus etc.
Saint Rampal Ji Maharâ€¦",Kumudnipatel2,madhya pradesh india,ashishpatel,222,494,6052,False,"#coronavirusnigeria
True worship can cure incurable diseases like Cancer, Aids, #coronavirus etc.
Saint Rampal Ji Maharaj is the one who provides true worship.
#CoronaVirusUpdates
Must Watch Sadhana TV 07:30PM (IST)

#COVID19US Special Video..
https://t.co/QmRymEYf2h"
2020-03-01 00:13:51+00:00,"World scared of coronavirus, death toll rise 2835 inÂ China https://t.co/mQ7mquAeBO https://t.co/N2jxuIS0pn",Pawan05258Kumar,goa india,"part time web designer, music lover",485,34,25253,False,
2020-03-01 00:13:40+00:00,Coronavirus patient from Diamond Princess says symptoms hit â€˜hard andÂ fastâ€™ https://t.co/bD3EDEEHyp https://t.co/Civj7TdIzO,WaYs2rOcK,new delhi india,Raj Gaur,44,57,41659,False,
2020-03-01 00:13:03+00:00,RT @the_hindu: Many international schools in Bengalaru have sent advisories to their students and parents asking that the management be aleâ€¦,SharmaSarav,puttur india,,182,869,29171,False,"Many international schools in Bengalaru have sent advisories to their students and parents asking that the management be alerted if any family member recently visited countries where cases of #COVID19 are prevalent. 
https://t.co/OhZYzpo7uo"
2020-03-01 00:12:51+00:00,RT @yaneerbaryam: BREAKING: If you are not ahead of an exponential process it is as if you are doing nothing. Today's Coronavirus update shâ€¦,zereraz,bengaluru india,"Seeker of Truth ğŸ§ğŸ¶ğŸ¤ 
Software engineer
.dum spiro spero.
Bootstrapping startup",304,3540,11767,False,"BREAKING: If you are not ahead of an exponential process it is as if you are doing nothing. Today's Coronavirus update shows outside China, including South Korea, Italy and Iran, countries are not ahead. The outbreak is growing rapidly. https://t.co/sRJn9OJNZn"
2020-03-01 00:12:43+00:00,"RT @NorbertElekes: Iran's officials infected with coronavirus:

- Deputy health minister
- Head of national security
- Head of virus manageâ€¦",INDERJEETSEHWAG,bahadurgarh haryana india,"#Modern à¤¥à¥‹à¤¡à¤¼à¤¾ à¤¹à¥‚à¤‚ , 
#à¤¦à¥‡à¤¶à¥€ à¤œà¤¼à¥à¤¯à¤¾à¤¦à¤¾ à¤¹à¥‚à¤‚ ,
     à¤ªà¤° à¤«à¤£à¥à¤¡à¥€ à¤¹à¤°à¤—à¤¿à¤œ à¤¨à¤¹à¥€à¤‚à¥¤
#à¤†à¤¤à¥à¤® à¤¸à¤®à¥à¤®à¤¾à¤¨ à¤°à¤–à¤¤à¤¾ à¤¹à¥‚à¤‚ 
  à¤¸à¤¿à¤° à¤®à¤¾à¤¥à¥‡ à¤ªà¥‡ ,
           à¤ªà¤° 
#à¤˜à¤®à¤£à¥à¤¡à¥€ à¤¹à¤°à¤—à¤¿à¤œ à¤¨à¤¹à¥€à¤‚à¥¤
ğŸ™ğŸ™ ğŸ‡®ğŸ‡³ğŸ‡®ğŸ‡³ ğŸ™ğŸ™",192,1712,10529,False,"Iran's officials infected with coronavirus:

- Deputy health minister
- Head of national security
- Head of virus management in Qom
- Mayor of a Tehran district
- A vice president
- Former ambassador (died)
- Newly elected MP (died)"
2020-03-01 00:12:37+00:00,"RT @KarenFlemingPhD: PSA for non-science folks: Wonder why everyone is emphasizing hand washing? Sounds banal, but soap really IS an amazinâ€¦",SreedharanKs,chennai india,Engineer by profession. Concerned citizen. Keen on Current affairs. Views personal. RT's not endorsements.,434,223,11836,False,"PSA for non-science folks: Wonder why everyone is emphasizing hand washing? Sounds banal, but soap really IS an amazing weapon that we all have in our homes. This is because coronavirus is an ""enveloped"" virus, which means that it has an outer lipid membrane layer. 
1/3"
2020-03-01 00:12:36+00:00,"@jackdinsmore @jenniferatntd Thanks to @jenniferatntd been following her, her informative tweets regarding Coronavirus is useful understanding ground realities..keep the good work ğŸ‘",proud_tobeindia,india,ğŸ‡®ğŸ‡³ Jai Hind ğŸ‡®ğŸ‡³,121,940,2811,False,
2020-03-01 00:11:50+00:00,RT @NASAEarth: Airborne Nitrogen Dioxide Plummets Over China https://t.co/URfLNy0GZJ #NASA,KapilDave88,jhagadia india,"Public health researcher, PhD fellow",89,537,1339,False,Airborne Nitrogen Dioxide Plummets Over China https://t.co/URfLNy0GZJ #NASA
2020-03-01 00:11:32+00:00,"RT @maddow: I admit to being stuck on the fact that the President just convened reporters to announce the 1st US coronavirus death, a man iâ€¦",BassheadJay,goa india,the ğŸ’œ is â€˜Leftâ€™ of center ... the â€˜Rightâ€™ is oh so wrong!,582,2844,30757,False,"I admit to being stuck on the fact that the President just convened reporters to announce the 1st US coronavirus death, a man in his 50s in Washington State.

The president said ""She was a wonderful woman.""

This is ridiculous.

Just stop. Stop talking. Let the scientists talk."
2020-03-01 00:11:32+00:00,FDA allows new diagnostic technologies to test for coronavirus before receiving emergency approvals https://t.co/ovl28V3yeE via @TechCrunch https://t.co/NpUog0mIXU,pankazjosh,bengaluru india,,33,58,6320,False,
2020-03-01 00:11:32+00:00,"This Week in Apps: Coronavirus impacts app stores, Facebook sues mobile SDK maker, Apple kicks out a cloud gaming app https://t.co/KFAg5VN54S https://t.co/RyyXCrQhhH",Rajput_Royal90s,delhi india,"ğŸ•‰!nf|uenzeâ‚¹, tweeter addict #Engineer #Blogger #FitnessFreaks [National Badminton Player ] #guitarist #gameaholic #traveler #foodie #Delhi ğŸ”¯ğŸ­ #Followme",7034,2099,12498,False,
2020-03-01 00:10:52+00:00,"RT @nytimes: The U.S. surgeon general on Saturday urged the public to stop buying masks, warning that it wonâ€™t help against the spread of tâ€¦",pickooo,new delhi india,Athleteâ›¹ï¸AestheticğŸ’ªFitness lover ğŸ‹ï¸TravelerğŸ‚ Interest in Social|Defence|Politics|Sports|Foreign Policy|Information Technology|Digital India|Data Analyst|AI.,7530,399,610541,False,"The U.S. surgeon general on Saturday urged the public to stop buying masks, warning that it wonâ€™t help against the spread of the coronavirus but will take away important resources from health care professionals https://t.co/HqImnlCfSV"
2020-03-01 00:10:46+00:00,"RT @airnewsalerts: WHO says that over 6,000 #coronavirus cases have been registered outside China; More than 1,300 new cases have been confâ€¦",Yogesh_PSingh,new delhi india,"Student , Nature lover,  Poetry Admirer and writer, RTI. activist.",211,528,10680,False,"WHO says that over 6,000 #coronavirus cases have been registered outside China; More than 1,300 new cases have been confirmed outside #China during the past 24 hours. https://t.co/PUg7rGr1Kj"
2020-03-01 00:10:30+00:00,"RT @somnath1978: India's multilateral interests r now almost bare:
1. UNSC membership - not happening
2. NSG - not happening, China (+ we aâ€¦",shivesh77_kumar,india,"Namaste Sadaa Vatsale Matru Bhoome
Twayaa HINDU Bhoome Sukham Vardhitoham  ğŸ‡®ğŸ‡³ğŸ‡®ğŸ‡³ğŸ‡®ğŸ‡³BJP MEMBER from BENGALURU    PATNA born
STUDENT OF DEFENSE & WEAPONS",593,3217,114725,False,"India's multilateral interests r now almost bare:
1. UNSC membership - not happening
2. NSG - not happening, China (+ we alrdy have wht we really needed) 
3. WTO - Dying, shd be dead

Despite gloom/doom, we r $3tn GDP + 2nd largest importer 

We can say ""fornicate off"" to most.."
2020-03-01 00:10:29+00:00,First U.S. coronavirus death confirmed in Washington state https://t.co/CjoV0FyS13... https://t.co/yiQnlAG5hR,Tekiguy,india,,8,0,10720,False,
2020-03-01 00:10:25+00:00,"RT @jscarto: It is unfortunate that this needs saying... but this needs saying. Thank you, Eric!

The atmospheric signal as a result of actâ€¦",pickooo,new delhi india,Athleteâ›¹ï¸AestheticğŸ’ªFitness lover ğŸ‹ï¸TravelerğŸ‚ Interest in Social|Defence|Politics|Sports|Foreign Policy|Information Technology|Digital India|Data Analyst|AI.,7530,399,610541,False,"It is unfortunate that this needs saying... but this needs saying. Thank you, Eric!

The atmospheric signal as a result of activity following coronavirus is temporary, and does not outweigh the fact that people are dying and the lives of the living are being turned upside down. https://t.co/d9BTrxWfEx"
2020-03-01 00:10:27+00:00,RT @sakshijoshii: Is anyone serious about this! #CoronaVirus,Bonnindia,mumbai india,,664,220,123005,False,Is anyone serious about this! #CoronaVirus https://t.co/o9qCAnLzfY
2020-03-01 00:10:27+00:00,"RT @TwitterMoments: President Trump and VP Mike Pence provided further updates on the coronavirus outbreak, including travel advisories forâ€¦",pickooo,new delhi india,Athleteâ›¹ï¸AestheticğŸ’ªFitness lover ğŸ‹ï¸TravelerğŸ‚ Interest in Social|Defence|Politics|Sports|Foreign Policy|Information Technology|Digital India|Data Analyst|AI.,7530,399,610541,False,"President Trump and VP Mike Pence provided further updates on the coronavirus outbreak, including travel advisories for Italy and South Korea, after the first US death was reported in Washington state. https://t.co/yIHbejJrBN"
2020-03-01 00:10:23+00:00,RT @KashaPatel: What an interesting story to work on with data viz wiz @jscarto. It's amazing what impacts you can see from space. #coronavâ€¦,pickooo,new delhi india,Athleteâ›¹ï¸AestheticğŸ’ªFitness lover ğŸ‹ï¸TravelerğŸ‚ Interest in Social|Defence|Politics|Sports|Foreign Policy|Information Technology|Digital India|Data Analyst|AI.,7530,399,610541,False,What an interesting story to work on with data viz wiz @jscarto. It's amazing what impacts you can see from space. #coronavirus https://t.co/P8yZNKIhhO
2020-03-01 00:09:53+00:00,RT @TonySahajlain: A mosque running from #CoronaVirus ğŸ˜³ https://t.co/EFsmuxl1mn,DhBeri,delhi india,"Blocked by Rajdeep, Vir Sanghvi, Sonia Singh, Nidhi Razdan, Vishnu Som, ShivamVij, Katju, NHerald, Shabana Azmi & Salman Nizami.

A Proud Hindu.

A Barca Fan",413,470,61992,False,A mosque running from #CoronaVirus ğŸ˜³ https://t.co/EFsmuxl1mn
2020-03-01 00:09:49+00:00,RT @jscarto: The reduction in activity is measurable throughout China. The reduced activity follows one of the largest quarantines in histoâ€¦,pickooo,new delhi india,Athleteâ›¹ï¸AestheticğŸ’ªFitness lover ğŸ‹ï¸TravelerğŸ‚ Interest in Social|Defence|Politics|Sports|Foreign Policy|Information Technology|Digital India|Data Analyst|AI.,7530,399,610541,False,The reduction in activity is measurable throughout China. The reduced activity follows one of the largest quarantines in history #coronavirus #COVID19 https://t.co/bTfKUsIYYP
2020-03-01 00:09:41+00:00,"RT @jscarto: #Coronavirus: Amid efforts to reduce pollution in #China, the signal from quarantines remains clear.

Unlike the past, activitâ€¦",pickooo,new delhi india,Athleteâ›¹ï¸AestheticğŸ’ªFitness lover ğŸ‹ï¸TravelerğŸ‚ Interest in Social|Defence|Politics|Sports|Foreign Policy|Information Technology|Digital India|Data Analyst|AI.,7530,399,610541,False,"#Coronavirus: Amid efforts to reduce pollution in #China, the signal from quarantines remains clear.

Unlike the past, activity levels have not rebounded after the Chinese New Year. New reporting from @KashaPatel &amp; me https://t.co/Wa88eF1Rzv #maps #dataviz https://t.co/5tdYg40CaC"
2020-03-01 00:09:40+00:00,RT @Rainmaker1973: NASA and ESA pollution monitoring satellites have detected significant decreases in nitrogen dioxide (NOâ‚‚) over China. Tâ€¦,pickooo,new delhi india,Athleteâ›¹ï¸AestheticğŸ’ªFitness lover ğŸ‹ï¸TravelerğŸ‚ Interest in Social|Defence|Politics|Sports|Foreign Policy|Information Technology|Digital India|Data Analyst|AI.,7530,399,610541,False,NASA and ESA pollution monitoring satellites have detected significant decreases in nitrogen dioxide (NOâ‚‚) over China. There is evidence that the change is at least partly related to the economic slowdown following the outbreak of coronavirus https://t.co/6LynSRr3pA https://t.co/Z9ij3w9BAX
2020-03-01 00:09:38+00:00,"RT @JrehnJ: The maps on this page show concentrations of nitrogen dioxide, a noxious gas emitted by motor vehicles, power plants, and indusâ€¦",pickooo,new delhi india,Athleteâ›¹ï¸AestheticğŸ’ªFitness lover ğŸ‹ï¸TravelerğŸ‚ Interest in Social|Defence|Politics|Sports|Foreign Policy|Information Technology|Digital India|Data Analyst|AI.,7530,399,610541,False,"The maps on this page show concentrations of nitrogen dioxide, a noxious gas emitted by motor vehicles, power plants, and industrial facilities. The maps above show NO2 values across China from January 1-20, 2020 (before the quarantine) and February 10-25 (during the quarantine) https://t.co/1uOIEaohA2"
2020-03-01 00:09:31+00:00,"RT @ChenKai_yale: Satellites have detected significant decreases in nitrogen dioxide (NO2) over China, which ""is at least partly related toâ€¦",pickooo,new delhi india,Athleteâ›¹ï¸AestheticğŸ’ªFitness lover ğŸ‹ï¸TravelerğŸ‚ Interest in Social|Defence|Politics|Sports|Foreign Policy|Information Technology|Digital India|Data Analyst|AI.,7530,399,610541,False,"Satellites have detected significant decreases in nitrogen dioxide (NO2) over China, which ""is at least partly related to the economic slowdown following the outbreak of coronavirus"" #AirPolluion #COVIDãƒ¼19 #coronavirus https://t.co/8Kxk1vJPMZ"
2020-03-01 00:09:26+00:00,"RT @airnewsalerts: WHO says that over 6,000 #coronavirus cases have been registered outside China; More than 1,300 new cases have been confâ€¦",amananuttam,new delhi india,,16,256,1244,False,"WHO says that over 6,000 #coronavirus cases have been registered outside China; More than 1,300 new cases have been confirmed outside #China during the past 24 hours. https://t.co/PUg7rGr1Kj"
2020-03-01 00:09:19+00:00,RT @BBCNews: Coronavirus: Nasa images show China pollution clear amid slowdown https://t.co/QguTq0uUAx,pickooo,new delhi india,Athleteâ›¹ï¸AestheticğŸ’ªFitness lover ğŸ‹ï¸TravelerğŸ‚ Interest in Social|Defence|Politics|Sports|Foreign Policy|Information Technology|Digital India|Data Analyst|AI.,7530,399,610541,False,Coronavirus: Nasa images show China pollution clear amid slowdown https://t.co/QguTq0uUAx
2020-03-01 00:09:15+00:00,RT @NASAEarth: Airborne Nitrogen Dioxide Plummets Over China https://t.co/URfLNy0GZJ #NASA,pickooo,new delhi india,Athleteâ›¹ï¸AestheticğŸ’ªFitness lover ğŸ‹ï¸TravelerğŸ‚ Interest in Social|Defence|Politics|Sports|Foreign Policy|Information Technology|Digital India|Data Analyst|AI.,7530,399,610541,False,Airborne Nitrogen Dioxide Plummets Over China https://t.co/URfLNy0GZJ #NASA
2020-03-01 00:08:36+00:00,RT @nytimes: Media executives say the 3-minute ad addressing the coronavirus that Mike Bloomberg will air on network television Sunday mayâ€¦,pickooo,new delhi india,Athleteâ›¹ï¸AestheticğŸ’ªFitness lover ğŸ‹ï¸TravelerğŸ‚ Interest in Social|Defence|Politics|Sports|Foreign Policy|Information Technology|Digital India|Data Analyst|AI.,7530,399,610541,False,Media executives say the 3-minute ad addressing the coronavirus that Mike Bloomberg will air on network television Sunday may have cost his campaign anywhere from $1.25 million to $3 million https://t.co/NJJ6etJ1h1
2020-03-01 00:08:31+00:00,RT @XHNews: Amazing cluster of ancient buildings in north China's Xinzhou City. #AmazingChina https://t.co/EXPckQYV3u,pickooo,new delhi india,Athleteâ›¹ï¸AestheticğŸ’ªFitness lover ğŸ‹ï¸TravelerğŸ‚ Interest in Social|Defence|Politics|Sports|Foreign Policy|Information Technology|Digital India|Data Analyst|AI.,7530,399,610541,False,Amazing cluster of ancient buildings in north China's Xinzhou City. #AmazingChina https://t.co/EXPckQYV3u
2020-03-01 00:08:29+00:00,@riteshagar @CNN @jchatterleyCNN @riteshagar love to helping on #Coronavirus,AtazHussain,gurgaon india,Winners do not do different things they do things differently,0,96,195,False,
2020-03-01 00:08:26+00:00,RT @Antony511: How the Coronavirus Response Is Aided by Analytics https://t.co/PDeohXiQiL #IoT,IoT_Technojeder,india,Hi! I am TechnorIoT Bot. I will help you out in exploring the world of IoT!ğŸ˜,1228,32,93702,False,How the Coronavirus Response Is Aided by Analytics https://t.co/PDeohXiQiL #IoT
2020-03-01 00:07:50+00:00,"RT @TheEconomist: Covid-19 will provide new opportunities for spreading fear, uncertainty and doubt on social media  https://t.co/xS273nouMu",pickooo,new delhi india,Athleteâ›¹ï¸AestheticğŸ’ªFitness lover ğŸ‹ï¸TravelerğŸ‚ Interest in Social|Defence|Politics|Sports|Foreign Policy|Information Technology|Digital India|Data Analyst|AI.,7530,399,610541,False,"Covid-19 will provide new opportunities for spreading fear, uncertainty and doubt on social media  https://t.co/xS273nouMu"
2020-03-01 00:07:51+00:00,"WHO says that over 6,000 #coronavirus cases have been registered outside China; More than 1,300 new cases have been confirmed outside #China during the past 24 hours. https://t.co/PUg7rGr1Kj",airnewsalerts,new delhi india,"Official account of News Services Division, All India Radio.

à¤¹à¤¿à¤‚à¤¦à¥€ à¤•à¥‡ à¤¸à¤®à¤¾à¤šà¤¾à¤°à¥‹à¤‚ à¤•à¥‡ à¤²à¤¿à¤ @AIRNewsHindi à¤•à¥‹ à¤«à¥‰à¤²à¥‹ à¤•à¤°à¥‡à¤‚!
Follow @AIRNewsUrdu for news updates in Urdu",2458263,17,279673,True,
2020-03-01 00:07:43+00:00,RT @airnewsalerts: #SaudiArabiaâ€™s Ministry of Tourism announces that it has temporarily stopped issuing tourist visas to people in certainâ€¦,pickooo,new delhi india,Athleteâ›¹ï¸AestheticğŸ’ªFitness lover ğŸ‹ï¸TravelerğŸ‚ Interest in Social|Defence|Politics|Sports|Foreign Policy|Information Technology|Digital India|Data Analyst|AI.,7530,399,610541,False,#SaudiArabiaâ€™s Ministry of Tourism announces that it has temporarily stopped issuing tourist visas to people in certain countries particularly badly hit by the #coronavirus outbreak.
2020-03-01 00:06:55+00:00,"RT @LukeBarnett: The cost to get tested for #Coronavirus with no insurance being $3,270 is the most USA thing that could ever USA.",AnuradhaVaranas,mumbai india,Freelance science writer and journalist. 2019 Diversity Fellow @ScienceWriters Recent graduate @columbiajourn & former health correspondent at The Week,738,965,867,False,"The cost to get tested for #Coronavirus with no insurance being $3,270 is the most USA thing that could ever USA."
2020-03-01 00:06:35+00:00,"#STUDYMBBS In Abroad 

From Top Medical Universities

#topuniversities #studymbbs
#neetug2020 #Studymbbsinrussia #educationrussia #medicos
#Russia #kazakhstan #china #ukraine #armenia #georgia #philippinesâ€¦ https://t.co/HCbOaZwlc6",AdvisorShiksha,noida india,Shiksha Advisor is an organization which gives counselling & best career guidance to the great available minds of India for studying in India and Abroad....,217,2137,1631,False,
2020-03-01 00:01:43+00:00,"Airlines forced to cut flights as Covid-19 eruption adversely hits demand, stare at about $28 billion loss in revenue.

The Novel Coronavirus 2019 outbreak (Covid-19) has severely affected passenger demand for the airlines, especially in the  #airlines  https://t.co/QB6XT0zSVi https://t.co/SPwg3ji9Kb",nc_airways,patna india,"News&Views; Science&Technology, Aviation || Air, hotel bookings online || Submit a story and be rewarded || All my social media connects eligible for discounts",69,304,12251,False,
2020-03-01 00:01:34+00:00,"RT @majorgauravarya: Pakistan refuses to evacuate its students stuck in China. A grateful China sends 100,000 ducks to Pakistan in return.â€¦",yeshukrish1987,bengaluru india,NationalistğŸ‡®ğŸ‡³ | News Enthusiast | #Hinduism is not religion its way of life | #BTech #ELECTRICAL |,27,117,7697,False,"Pakistan refuses to evacuate its students stuck in China. A grateful China sends 100,000 ducks to Pakistan in return. #WhatTheDuck is going on â¦@ImranKhanPTIâ©? 

No point in saying anything...to Imran, itâ€™s just water off a duckâ€™s back. https://t.co/d4OIFE6IVM"
2020-03-01 00:01:30+00:00,RT @SustainPlastics: Coronavirus updates: Geneva auto show cancelled https://t.co/FjIjJW7rM9,bala_74,india,21 years into supply of engineering polymers and sheets.,50,115,5196,False,Coronavirus updates: Geneva auto show cancelled https://t.co/FjIjJW7rM9
2020-03-01 00:01:18+00:00,RT @ETAuto: ETAuto | Manufacturing falls to historic low in China https://t.co/QzjRez6YgO,bala_74,india,21 years into supply of engineering polymers and sheets.,50,115,5196,False,ETAuto | Manufacturing falls to historic low in China https://t.co/QzjRez6YgO
2020-03-01 00:00:49+00:00,"RT @paulg: ""In the past week, Covid-19 has started behaving a lot like the once-in-a-century pathogen weâ€™ve been worried about. I hope itâ€™sâ€¦",sangeeth96,bengaluru india,"ğŸ§ Slacking off @Flock
; ğŸ•° Ex @NetApp
; ğŸ¤¸â€â™‚ï¸ @VueBLR co-organizer
; ğŸ˜ Web Tech Enthusiast
; ğŸ® Passionate Gamer
; ğŸ“– Always a Learner
; ğŸ¤© Microsoft stan",360,1499,10573,False,"""In the past week, Covid-19 has started behaving a lot like the once-in-a-century pathogen weâ€™ve been worried about. I hope itâ€™s not that bad, but we should assume it will be until we know otherwise.""

â€” Bill Gates

https://t.co/WOZYhGETcK"
2020-03-01 00:00:12+00:00,"RT @airnewsalerts: Health Secretary Preeti Sudan reviews preparedness on #COVID19

https://t.co/SNm5d3cdAf",HirenMParekh,vadodara gujarat india,"Follow Me For All type News 1 Twitter Account, Proud Indian, Proud Gujarati, Proud Vadodarian. Like Follow Subscribed : Facebook Twitter YouTube : @HirenMParekh",654,1837,225670,False,"Health Secretary Preeti Sudan reviews preparedness on #COVID19

https://t.co/SNm5d3cdAf"
2020-03-01 00:00:06+00:00,Seven Israelis have tested positive for coronavirus https://t.co/rh4JvxCDkT,tn_haokip,imphal india,"Former President,Manipur Pradesh Congress Committee.Former Minister and Speaker, Manipur Legislative https://t.co/ZHdTXLqMAf reading & traveling",1423,68,27003,True,
